Date,Line(QCZK1M=)
28-Mar-17,-126
27-Mar-17,-109.5
24-Mar-17,-101.19
23-Mar-17,-90.5
22-Mar-17,-90.5
21-Mar-17,-118.5
20-Mar-17,-104.5
17-Mar-17,-70.9
16-Mar-17,-66.75
15-Mar-17,-70.73
14-Mar-17,-64.54
13-Mar-17,-62.48
10-Mar-17,-56.16
09-Mar-17,-47.5
08-Mar-17,-48.7
07-Mar-17,-52
06-Mar-17,-53.7
03-Mar-17,-51.3
02-Mar-17,-48.5
01-Mar-17,-47.8
28-Feb-17,-46.5
27-Feb-17,-52.1
24-Feb-17,-39.4
23-Feb-17,-37.5
22-Feb-17,-36.28
21-Feb-17,-37.9
20-Feb-17,-37.4
17-Feb-17,-37.5
16-Feb-17,-37.5
15-Feb-17,-37.5
14-Feb-17,-36.5
13-Feb-17,-35
10-Feb-17,-41.79
09-Feb-17,-35.3
08-Feb-17,-33.52
07-Feb-17,-35.8
06-Feb-17,-38.6
03-Feb-17,-42.48
02-Feb-17,-31.57
01-Feb-17,-33
31-Jan-17,-33.5
30-Jan-17,-35.49
27-Jan-17,-37.2
26-Jan-17,-35
25-Jan-17,-44.54
24-Jan-17,-41
23-Jan-17,-38.55
20-Jan-17,-39.25
19-Jan-17,-44.5
18-Jan-17,-47.55
17-Jan-17,-50.02
16-Jan-17,-52.5
13-Jan-17,-47.61
12-Jan-17,-50.16
11-Jan-17,-85
10-Jan-17,-85.5
09-Jan-17,-48.5
06-Jan-17,-41
05-Jan-17,-36.48
04-Jan-17,-36.98
03-Jan-17,-40.25
02-Jan-17,-39.25
30-Dec-16,-41.5
29-Dec-16,-40.5
28-Dec-16,-83
27-Dec-16,-94.5
26-Dec-16,-88
23-Dec-16,-94.5
22-Dec-16,-88.05
21-Dec-16,-88.05
20-Dec-16,-97.98
19-Dec-16,-100.8
16-Dec-16,-105
15-Dec-16,-106
14-Dec-16,-109.1
13-Dec-16,-111.7
12-Dec-16,-116.5
09-Dec-16,-115.6
08-Dec-16,-115.2
07-Dec-16,-122.9
06-Dec-16,-123
05-Dec-16,-123
02-Dec-16,-126.5
01-Dec-16,-126.5
30-Nov-16,-109.5
29-Nov-16,-110.1
28-Nov-16,-26.04
25-Nov-16,-26.02
24-Nov-16,-26.35
23-Nov-16,-28.25
22-Nov-16,-28.65
21-Nov-16,-26.2
18-Nov-16,-25.5
17-Nov-16,-25
16-Nov-16,-25.2
15-Nov-16,-24.75
14-Nov-16,-24.01
11-Nov-16,-24.03
10-Nov-16,-25.15
09-Nov-16,-26.61
08-Nov-16,-27.02
07-Nov-16,-26.5
04-Nov-16,-26.5
03-Nov-16,-26.5
02-Nov-16,-27
01-Nov-16,-28
31-Oct-16,-26.94
28-Oct-16,-28.13
27-Oct-16,-28.42
26-Oct-16,-30.63
25-Oct-16,-33.51
24-Oct-16,-34.01
21-Oct-16,-31.82
20-Oct-16,-33.8
19-Oct-16,-31.5
18-Oct-16,-33.6
17-Oct-16,-33.9
14-Oct-16,-33.7
13-Oct-16,-33.64
12-Oct-16,-32.88
11-Oct-16,-33.4
10-Oct-16,-33.55
07-Oct-16,-29.86
06-Oct-16,-30.21
05-Oct-16,-27
04-Oct-16,-29.9
03-Oct-16,-30.75
30-Sep-16,-27.5
29-Sep-16,-26.38
28-Sep-16,-36.3
27-Sep-16,-35.8
26-Sep-16,-37
23-Sep-16,-36
22-Sep-16,-36
21-Sep-16,-36
20-Sep-16,-39
19-Sep-16,-31.99
16-Sep-16,-30.5
15-Sep-16,-31.57
14-Sep-16,-31
13-Sep-16,-33.8
12-Sep-16,-32.7
09-Sep-16,-33.5
08-Sep-16,-33.37
07-Sep-16,-33.25
06-Sep-16,-32.95
05-Sep-16,-30
02-Sep-16,-29
01-Sep-16,-28.78
31-Aug-16,-28.38
30-Aug-16,-28.75
29-Aug-16,-25.25
26-Aug-16,-25.85
25-Aug-16,-25.87
24-Aug-16,-26.31
23-Aug-16,-26
22-Aug-16,-26.5
19-Aug-16,-25.17
18-Aug-16,-25.25
17-Aug-16,-26
16-Aug-16,-25.95
15-Aug-16,-25.41
12-Aug-16,-24
11-Aug-16,-23.7
10-Aug-16,-23.77
09-Aug-16,-23.63
08-Aug-16,-24
05-Aug-16,-23.4
04-Aug-16,-23.5
03-Aug-16,-24.81
02-Aug-16,-25.6
01-Aug-16,-26.5
29-Jul-16,-23.98
28-Jul-16,-24.67
27-Jul-16,-25.15
26-Jul-16,-24.75
25-Jul-16,-24.86
22-Jul-16,-23.17
21-Jul-16,-23.5
20-Jul-16,-22.84
19-Jul-16,-22.88
18-Jul-16,-22.76
15-Jul-16,-23.1
14-Jul-16,-21.25
13-Jul-16,-22.05
12-Jul-16,-23.15
11-Jul-16,-21.75
08-Jul-16,-23.25
07-Jul-16,-23.07
06-Jul-16,-23.13
05-Jul-16,-22.63
04-Jul-16,-22
01-Jul-16,-21.5
30-Jun-16,-22
29-Jun-16,-22.95
28-Jun-16,-25
27-Jun-16,-30.05
24-Jun-16,-32.8
23-Jun-16,-23.82
22-Jun-16,-21.43
21-Jun-16,-24.9
20-Jun-16,-22.89
17-Jun-16,-23.5
16-Jun-16,-22.6
15-Jun-16,-24.15
14-Jun-16,-24.25
13-Jun-16,-22.48
10-Jun-16,-21.75
09-Jun-16,-21.75
08-Jun-16,-21.25
07-Jun-16,-21.65
06-Jun-16,-18.09
03-Jun-16,-20.9
02-Jun-16,-22.35
01-Jun-16,-22.95
31-May-16,-22.05
30-May-16,-19.9
27-May-16,-17.09
26-May-16,-17.19
25-May-16,-17.5
24-May-16,-17.35
23-May-16,-17.19
20-May-16,-16.5
19-May-16,-16.85
18-May-16,-15.55
17-May-16,-16.94
16-May-16,-16.61
13-May-16,-15.2
12-May-16,-16.1
11-May-16,-13.82
10-May-16,-14.98
09-May-16,-15.87
06-May-16,-15.48
05-May-16,-15.7
04-May-16,-15.98
03-May-16,-16.55
02-May-16,-16.4
29-Apr-16,-15.5
28-Apr-16,-15
27-Apr-16,-15.5
26-Apr-16,-16.28
25-Apr-16,-15.25
22-Apr-16,-15.16
21-Apr-16,-15.13
20-Apr-16,-17.2
19-Apr-16,-18.84
18-Apr-16,-16.84
15-Apr-16,-16.05
14-Apr-16,-16.05
13-Apr-16,-16.42
12-Apr-16,-16.47
11-Apr-16,-15.42
08-Apr-16,-15.4
07-Apr-16,-15.05
06-Apr-16,-16.63
05-Apr-16,-18
04-Apr-16,-19
01-Apr-16,-19.88
31-Mar-16,-17.88
30-Mar-16,-17.18
29-Mar-16,-16.75
28-Mar-16,-16.98
25-Mar-16,-16.76
24-Mar-16,-16.75
23-Mar-16,-16.13
22-Mar-16,-16.25
21-Mar-16,-16.8
18-Mar-16,-16.5
17-Mar-16,-17.5
16-Mar-16,-17.75
15-Mar-16,-18
14-Mar-16,-18.95
11-Mar-16,-17.05
10-Mar-16,-18.5
09-Mar-16,-18
08-Mar-16,-18.84
07-Mar-16,-19.38
04-Mar-16,-20.26
03-Mar-16,-22.06
02-Mar-16,-19.04
01-Mar-16,-17.72
29-Feb-16,-16.26
26-Feb-16,-15.5
25-Feb-16,-15.7
24-Feb-16,-15.5
23-Feb-16,-16
22-Feb-16,-14.5
19-Feb-16,-14.5
18-Feb-16,-14
17-Feb-16,-15.22
16-Feb-16,-14.47
15-Feb-16,-14
12-Feb-16,-14.63
11-Feb-16,-14.75
10-Feb-16,-16
09-Feb-16,-16.3
08-Feb-16,-16.15
05-Feb-16,-16.75
04-Feb-16,-15.5
03-Feb-16,-15.06
02-Feb-16,-15.97
01-Feb-16,-16.72
29-Jan-16,-16.75
28-Jan-16,-16.25
27-Jan-16,-17.16
26-Jan-16,-15.99
25-Jan-16,-15.15
22-Jan-16,-15
21-Jan-16,-16.02
20-Jan-16,-17.45
19-Jan-16,-17.54
18-Jan-16,-17.31
15-Jan-16,-16.5
14-Jan-16,-16.06
13-Jan-16,-16.03
12-Jan-16,-18.01
11-Jan-16,-18.91
08-Jan-16,-16.02
07-Jan-16,-15.75
06-Jan-16,-21.75
05-Jan-16,-30.05
04-Jan-16,-26.55
01-Jan-16,-17.53
31-Dec-15,-17.75
30-Dec-15,-18.7
29-Dec-15,-69.98
28-Dec-15,-54.88
25-Dec-15,-55
24-Dec-15,-50
23-Dec-15,-55
22-Dec-15,-77.34
21-Dec-15,-91.5
18-Dec-15,-82.5
17-Dec-15,-115.1
16-Dec-15,-92.5
15-Dec-15,-70
14-Dec-15,-63.31
11-Dec-15,-62
10-Dec-15,-74.95
09-Dec-15,-60
08-Dec-15,-53.13
07-Dec-15,-48.5
04-Dec-15,-47.08
03-Dec-15,-47.5
02-Dec-15,-46.5
01-Dec-15,-46.5
30-Nov-15,-48.05
27-Nov-15,-14.07
26-Nov-15,-15
25-Nov-15,-14.8
24-Nov-15,-13.75
23-Nov-15,-14.5
20-Nov-15,-14.75
19-Nov-15,-13.75
18-Nov-15,-14.48
17-Nov-15,-14.02
16-Nov-15,-14.25
13-Nov-15,-14.25
12-Nov-15,-13
11-Nov-15,-11.65
10-Nov-15,-13
09-Nov-15,-13
06-Nov-15,-12
05-Nov-15,-11.48
04-Nov-15,-9.29
03-Nov-15,-9.44
02-Nov-15,-11.01
30-Oct-15,-13.51
29-Oct-15,-14
28-Oct-15,-16
27-Oct-15,-16
26-Oct-15,-16.48
23-Oct-15,-15
22-Oct-15,-12.67
21-Oct-15,-11.22
20-Oct-15,-11.24
19-Oct-15,-12.15
16-Oct-15,-11.69
15-Oct-15,-12
14-Oct-15,-12
13-Oct-15,-11.25
12-Oct-15,-11.97
09-Oct-15,-11.25
08-Oct-15,-11.5
07-Oct-15,-11
06-Oct-15,-11.94
05-Oct-15,-12.44
02-Oct-15,-12
01-Oct-15,-13
30-Sep-15,-15
29-Sep-15,-20.51
28-Sep-15,-20.01
25-Sep-15,-20.01
24-Sep-15,-17.01
23-Sep-15,-20.01
22-Sep-15,-28.26
21-Sep-15,-27.51
18-Sep-15,-18.76
17-Sep-15,-20.39
16-Sep-15,-15.25
15-Sep-15,-22
14-Sep-15,-22
11-Sep-15,-24.5
10-Sep-15,-31.25
09-Sep-15,-40.16
08-Sep-15,-54.98
07-Sep-15,-85
04-Sep-15,-70
03-Sep-15,-40
02-Sep-15,-27
01-Sep-15,-20.02
31-Aug-15,-14.5
28-Aug-15,-14.5
27-Aug-15,-14.47
26-Aug-15,-19.53
25-Aug-15,-23.59
24-Aug-15,-36.28
21-Aug-15,-31.5
20-Aug-15,-25.5
19-Aug-15,-22
18-Aug-15,-20.25
17-Aug-15,-15
14-Aug-15,-12.5
13-Aug-15,-9.88
12-Aug-15,-9.26
11-Aug-15,-11.01
10-Aug-15,-12.25
07-Aug-15,-13.01
06-Aug-15,-13.63
05-Aug-15,-12.76
04-Aug-15,-13.51
03-Aug-15,-13.5
31-Jul-15,-11.2
30-Jul-15,-13.5
29-Jul-15,-17.48
28-Jul-15,-12.38
27-Jul-15,-11.5
24-Jul-15,-11.2
23-Jul-15,-11.2
22-Jul-15,-11.2
21-Jul-15,-11.5
20-Jul-15,-11.5
17-Jul-15,-10.5
16-Jul-15,-10.5
15-Jul-15,-11
14-Jul-15,-11.5
13-Jul-15,-12
10-Jul-15,-13
09-Jul-15,-13.5
08-Jul-15,-13.49
07-Jul-15,-11.75
06-Jul-15,-11.5
03-Jul-15,-11.25
02-Jul-15,-10.7
01-Jul-15,-10.5
30-Jun-15,-11.25
29-Jun-15,-12.13
26-Jun-15,-12.25
25-Jun-15,-12.25
24-Jun-15,-11.63
23-Jun-15,-11.63
22-Jun-15,-10.5
19-Jun-15,-10.5
18-Jun-15,-10.5
17-Jun-15,-11.25
16-Jun-15,-11
15-Jun-15,-11.01
12-Jun-15,-11.01
11-Jun-15,-11
10-Jun-15,-11
09-Jun-15,-12.75
08-Jun-15,-14
05-Jun-15,-11.76
04-Jun-15,-11.76
03-Jun-15,-11.51
02-Jun-15,-9.7
01-Jun-15,-9.01
29-May-15,-8.69
28-May-15,-8.51
27-May-15,-8.51
26-May-15,-8.51
25-May-15,-8.5
22-May-15,-8.06
21-May-15,-7.95
20-May-15,-7.87
19-May-15,-8.05
18-May-15,-8.45
15-May-15,-8.03
14-May-15,-8.03
13-May-15,-8.21
12-May-15,-8.63
11-May-15,-9.01
08-May-15,-8.51
07-May-15,-8.51
06-May-15,-8.13
05-May-15,-8
04-May-15,-8.13
01-May-15,-8.13
30-Apr-15,-8.13
29-Apr-15,-8.25
28-Apr-15,-7.5
27-Apr-15,-8
24-Apr-15,-8.26
23-Apr-15,-8.26
22-Apr-15,-8.7
21-Apr-15,-8.7
20-Apr-15,-8
17-Apr-15,-8.01
16-Apr-15,-8.26
15-Apr-15,-8.11
14-Apr-15,-8.11
13-Apr-15,-7.5
10-Apr-15,-7.63
09-Apr-15,-8.25
08-Apr-15,-8.35
07-Apr-15,-9.5
06-Apr-15,-9.5
03-Apr-15,-9.51
02-Apr-15,-9.5
01-Apr-15,-9.46
31-Mar-15,-10.5
30-Mar-15,-11.5
27-Mar-15,-10.51
26-Mar-15,-10.71
25-Mar-15,-10.73
24-Mar-15,-10.12
23-Mar-15,-10
20-Mar-15,-9.75
19-Mar-15,-9.75
18-Mar-15,-10
17-Mar-15,-11.5
16-Mar-15,-9.75
13-Mar-15,-9.51
12-Mar-15,-9.38
11-Mar-15,-9.38
10-Mar-15,-9.37
09-Mar-15,-9.43
06-Mar-15,-9.01
05-Mar-15,-8.46
04-Mar-15,-8.26
03-Mar-15,-8.26
02-Mar-15,-8.51
27-Feb-15,-8.38
26-Feb-15,-8.63
25-Feb-15,-10.01
24-Feb-15,-8.5
23-Feb-15,-8.51
20-Feb-15,-8.51
19-Feb-15,-7.88
18-Feb-15,-7.53
17-Feb-15,-8.01
16-Feb-15,-8.01
13-Feb-15,-8.01
12-Feb-15,-7.35
11-Feb-15,-6.88
10-Feb-15,-6.88
09-Feb-15,-6.87
06-Feb-15,-6.82
05-Feb-15,-7.2
04-Feb-15,-7.13
03-Feb-15,-7.14
02-Feb-15,-7.13
30-Jan-15,-7.08
29-Jan-15,-7
28-Jan-15,-7
27-Jan-15,-7
26-Jan-15,-7
23-Jan-15,-7.5
22-Jan-15,-8
21-Jan-15,-8.5
20-Jan-15,-9
19-Jan-15,-8.25
16-Jan-15,-8.68
15-Jan-15,-8.78
14-Jan-15,-7.82
13-Jan-15,-8.96
12-Jan-15,-9.74
09-Jan-15,-10.67
08-Jan-15,-11.56
07-Jan-15,-9.56
06-Jan-15,-9.66
05-Jan-15,-10.56
02-Jan-15,-10.61
01-Jan-15,-9.75
31-Dec-14,-9.75
30-Dec-14,-10
29-Dec-14,-32.5
26-Dec-14,-40
25-Dec-14,-36.5
24-Dec-14,-36.5
23-Dec-14,-36.5
22-Dec-14,-32
19-Dec-14,-31.5
18-Dec-14,-25
17-Dec-14,-22.51
16-Dec-14,-20.85
15-Dec-14,-23
12-Dec-14,-21.01
11-Dec-14,-20.05
10-Dec-14,-15.5
09-Dec-14,-15.5
08-Dec-14,-15
05-Dec-14,-15.1
04-Dec-14,-15.5
03-Dec-14,-17.05
02-Dec-14,-18.9
01-Dec-14,-14.75
28-Nov-14,-12
27-Nov-14,-10.95
26-Nov-14,-8.09
25-Nov-14,-7
24-Nov-14,-6.25
21-Nov-14,-6.05
20-Nov-14,-6.05
19-Nov-14,-5.38
18-Nov-14,-5.55
17-Nov-14,-5.2
14-Nov-14,-5.2
13-Nov-14,-5.25
12-Nov-14,-5.4
11-Nov-14,-5.6
10-Nov-14,-5.3
07-Nov-14,-5.3
06-Nov-14,-5.3
05-Nov-14,-5.85
04-Nov-14,-5.31
03-Nov-14,-5.8
31-Oct-14,-5.55
30-Oct-14,-5.68
29-Oct-14,-5.13
28-Oct-14,-5.1
27-Oct-14,-5.27
24-Oct-14,-5.6
23-Oct-14,-5.75
22-Oct-14,-6.19
21-Oct-14,-6.3
20-Oct-14,-6.05
17-Oct-14,-5.75
16-Oct-14,-6.1
15-Oct-14,-6.16
14-Oct-14,-6.05
13-Oct-14,-6.05
10-Oct-14,-5.78
09-Oct-14,-6.05
08-Oct-14,-6.61
07-Oct-14,-7
06-Oct-14,-6.84
03-Oct-14,-6.88
02-Oct-14,-7.04
01-Oct-14,-6.97
30-Sep-14,-7.24
29-Sep-14,-7.44
26-Sep-14,-6.8
25-Sep-14,-6.47
24-Sep-14,-6.6
23-Sep-14,-6.9
22-Sep-14,-6.27
19-Sep-14,-6.4
18-Sep-14,-6.21
17-Sep-14,-6.62
16-Sep-14,-6.64
15-Sep-14,-6.14
12-Sep-14,-6.25
11-Sep-14,-6.16
10-Sep-14,-6.56
09-Sep-14,-6.68
08-Sep-14,-6.24
05-Sep-14,-6.05
04-Sep-14,-6.21
03-Sep-14,-6.5
02-Sep-14,-6.5
01-Sep-14,-5.95
29-Aug-14,-6.01
28-Aug-14,-6.01
27-Aug-14,-6.26
26-Aug-14,-6.13
25-Aug-14,-5.86
22-Aug-14,-5.51
21-Aug-14,-5.51
20-Aug-14,-5.53
19-Aug-14,-5.63
18-Aug-14,-5.26
15-Aug-14,-4.61
14-Aug-14,-4.25
13-Aug-14,-4.6
12-Aug-14,-4.25
11-Aug-14,-4.25
08-Aug-14,-4.23
07-Aug-14,-4.38
06-Aug-14,-4.63
05-Aug-14,-5.15
04-Aug-14,-5
01-Aug-14,-5.01
31-Jul-14,-5
30-Jul-14,-4.75
29-Jul-14,-4.55
28-Jul-14,-4.5
25-Jul-14,-4.51
24-Jul-14,-4.5
23-Jul-14,-4.55
22-Jul-14,-5.5
21-Jul-14,-6.75
18-Jul-14,-6.65
17-Jul-14,-6.63
16-Jul-14,-6.5
15-Jul-14,-4.76
14-Jul-14,-5.16
11-Jul-14,-5.23
10-Jul-14,-5.27
09-Jul-14,-5.31
08-Jul-14,-4.32
07-Jul-14,-4.38
04-Jul-14,-4.21
03-Jul-14,-4.01
02-Jul-14,-5.03
01-Jul-14,-6.49
30-Jun-14,-9.02
27-Jun-14,-8.45
26-Jun-14,-8.25
25-Jun-14,-8
24-Jun-14,-7.25
23-Jun-14,-5.47
20-Jun-14,-5.71
19-Jun-14,-5.16
18-Jun-14,-4.8
17-Jun-14,-4.45
16-Jun-14,-4.12
13-Jun-14,-4.2
12-Jun-14,-3.96
11-Jun-14,-3.96
10-Jun-14,-4.21
09-Jun-14,-4.54
06-Jun-14,-5.05
05-Jun-14,-4.95
04-Jun-14,-4.73
03-Jun-14,-4.46
02-Jun-14,-4.48
30-May-14,-3.89
29-May-14,-3.72
28-May-14,-3.38
27-May-14,-2.99
26-May-14,-3.25
23-May-14,-3.01
22-May-14,-3.02
21-May-14,-3
20-May-14,-3.01
19-May-14,-3
16-May-14,-3.01
15-May-14,-2.48
14-May-14,-3.11
13-May-14,-3.26
12-May-14,-3.31
09-May-14,-3.06
08-May-14,-3.16
07-May-14,-3.3
06-May-14,-3.25
05-May-14,-3.2
02-May-14,-3.25
01-May-14,-2.95
30-Apr-14,-2.95
29-Apr-14,-2.95
28-Apr-14,-2.8
25-Apr-14,-2.22
24-Apr-14,-2.79
23-Apr-14,-2.95
22-Apr-14,-3.01
21-Apr-14,-2.86
18-Apr-14,-2.84
17-Apr-14,-2.85
16-Apr-14,-2.85
15-Apr-14,-2.86
14-Apr-14,-2.63
11-Apr-14,-2.85
10-Apr-14,-2.95
09-Apr-14,-3.5
08-Apr-14,-3.5
07-Apr-14,-3.45
04-Apr-14,-3.1
03-Apr-14,-3.45
02-Apr-14,-3.45
01-Apr-14,-3.46
31-Mar-14,-3.18
28-Mar-14,-2.66
27-Mar-14,-3.2
26-Mar-14,-3.19
25-Mar-14,-3.64
24-Mar-14,-3.54
21-Mar-14,-3.95
20-Mar-14,-4.03
19-Mar-14,-4.27
18-Mar-14,-3.56
17-Mar-14,-4.28
14-Mar-14,-3.85
13-Mar-14,-4
12-Mar-14,-3.76
11-Mar-14,-4.09
10-Mar-14,-4.1
07-Mar-14,-4
06-Mar-14,-4.31
05-Mar-14,-4.05
04-Mar-14,-4.05
03-Mar-14,-4.15
28-Feb-14,-4.35
27-Feb-14,-4.35
26-Feb-14,-4.3
25-Feb-14,-3.2
24-Feb-14,-3.95
21-Feb-14,-3.85
20-Feb-14,-3.86
19-Feb-14,-3.55
18-Feb-14,-3.5
17-Feb-14,-3.55
14-Feb-14,-3.55
13-Feb-14,-3.55
12-Feb-14,-3.55
11-Feb-14,-3.55
10-Feb-14,-3.55
07-Feb-14,-3.7
06-Feb-14,-3.7
05-Feb-14,-3.7
04-Feb-14,-4.1
03-Feb-14,-4.16
31-Jan-14,-4.2
30-Jan-14,-4.15
29-Jan-14,-4.5
28-Jan-14,-4.49
27-Jan-14,-4.5
24-Jan-14,-4.25
23-Jan-14,-4.28
22-Jan-14,-4.3
21-Jan-14,-4.15
20-Jan-14,-4.5
17-Jan-14,-4.5
16-Jan-14,-4.5
15-Jan-14,-5.2
14-Jan-14,-5.75
13-Jan-14,-5.75
10-Jan-14,-5.62
09-Jan-14,-5.62
08-Jan-14,-5.5
07-Jan-14,-5.5
06-Jan-14,-5.38
03-Jan-14,-5
02-Jan-14,-5
01-Jan-14,-5.75
31-Dec-13,-5.75
30-Dec-13,-6
27-Dec-13,-7
26-Dec-13,-7.26
25-Dec-13,-7
24-Dec-13,-7.26
23-Dec-13,-7.25
20-Dec-13,-7
19-Dec-13,-7.04
18-Dec-13,-7.25
17-Dec-13,-8.62
16-Dec-13,-10
13-Dec-13,-10
12-Dec-13,-10
11-Dec-13,-10.75
10-Dec-13,-11
09-Dec-13,-10.5
06-Dec-13,-10
05-Dec-13,-10.25
04-Dec-13,-11.5
03-Dec-13,-11.5
02-Dec-13,-11
29-Nov-13,-10
28-Nov-13,-8.12
27-Nov-13,-4.75
26-Nov-13,-4.7
25-Nov-13,-4
22-Nov-13,-4
21-Nov-13,-4
20-Nov-13,-4.5
19-Nov-13,-4.25
18-Nov-13,-2.75
15-Nov-13,-4
14-Nov-13,-10.75
13-Nov-13,-14
12-Nov-13,-16.01
11-Nov-13,-18
08-Nov-13,-9.98
07-Nov-13,-5.23
06-Nov-13,-2.96
05-Nov-13,-2.86
04-Nov-13,-2.9
01-Nov-13,-3
31-Oct-13,-3
30-Oct-13,-2.95
29-Oct-13,-2.82
28-Oct-13,-2.88
25-Oct-13,-2.9
24-Oct-13,-3.1
23-Oct-13,-3.14
22-Oct-13,-3.18
21-Oct-13,-3.34
18-Oct-13,-3.2
17-Oct-13,-3.2
16-Oct-13,-3.12
15-Oct-13,-2.92
14-Oct-13,-2.98
11-Oct-13,-2.85
10-Oct-13,-2.88
09-Oct-13,-2.9
08-Oct-13,-2.88
07-Oct-13,-3.02
04-Oct-13,-2.78
03-Oct-13,-2.78
02-Oct-13,-2.8
01-Oct-13,-2.76
30-Sep-13,-2.78
27-Sep-13,-2.8
26-Sep-13,-2.73
25-Sep-13,-2.83
24-Sep-13,-3.46
23-Sep-13,-3.12
20-Sep-13,-3.14
19-Sep-13,-4.45
18-Sep-13,-2.78
17-Sep-13,-2.55
16-Sep-13,-2.4
13-Sep-13,-2.4
12-Sep-13,-2.4
11-Sep-13,-2.4
10-Sep-13,-2.26
09-Sep-13,-2.25
06-Sep-13,-2.53
05-Sep-13,-2.53
04-Sep-13,-2.4
03-Sep-13,-2.4
02-Sep-13,-2.4
30-Aug-13,-2.35
29-Aug-13,-2.4
28-Aug-13,-2.23
27-Aug-13,-2.18
26-Aug-13,-2.19
23-Aug-13,-2.09
22-Aug-13,-2.13
21-Aug-13,-2.12
20-Aug-13,-2.16
19-Aug-13,-2.23
16-Aug-13,-2.13
15-Aug-13,-2.15
14-Aug-13,-2.15
13-Aug-13,-2.25
12-Aug-13,-2.09
09-Aug-13,-2.04
08-Aug-13,-2.02
07-Aug-13,-1.85
06-Aug-13,-1.6
05-Aug-13,-1.63
02-Aug-13,-2.22
01-Aug-13,-2.2
31-Jul-13,-2.25
30-Jul-13,-2.4
29-Jul-13,-2.32
26-Jul-13,-2.32
25-Jul-13,-2.3
24-Jul-13,-2.3
23-Jul-13,-2.32
22-Jul-13,-2.42
19-Jul-13,-2.28
18-Jul-13,-2.65
17-Jul-13,-2.65
16-Jul-13,-2.75
15-Jul-13,-2.68
12-Jul-13,-2.53
11-Jul-13,-2.52
10-Jul-13,-2.46
09-Jul-13,-2.79
08-Jul-13,-2.8
05-Jul-13,-2.85
04-Jul-13,-2.9
03-Jul-13,-2.78
02-Jul-13,-2.68
01-Jul-13,-2.66
28-Jun-13,-2.76
27-Jun-13,-2.66
26-Jun-13,-2.85
25-Jun-13,-2.7
24-Jun-13,-2.98
21-Jun-13,-3.18
20-Jun-13,-3.23
19-Jun-13,-3.23
18-Jun-13,-3.25
17-Jun-13,-3.25
14-Jun-13,-3.25
13-Jun-13,-3.65
12-Jun-13,-3.75
11-Jun-13,-3.84
10-Jun-13,-3.53
07-Jun-13,-3.53
06-Jun-13,-3.52
05-Jun-13,-3.75
04-Jun-13,-3.76
03-Jun-13,-3.64
31-May-13,-3.56
30-May-13,-2.9
29-May-13,-2.81
28-May-13,-2.66
27-May-13,-2.7
24-May-13,-2.79
23-May-13,-2.84
22-May-13,-2.66
21-May-13,-2.82
20-May-13,-3.03
17-May-13,-2.85
16-May-13,-2.86
15-May-13,-2.85
14-May-13,-2.86
13-May-13,-2.65
10-May-13,-2.7
09-May-13,-2.83
08-May-13,-3.07
07-May-13,-3.2
06-May-13,-3.25
03-May-13,-3.27
02-May-13,-3.2
01-May-13,-2.9
30-Apr-13,-3.1
29-Apr-13,-3.1
26-Apr-13,-3.17
25-Apr-13,-3.1
24-Apr-13,-3.25
23-Apr-13,-3.38
22-Apr-13,-3.54
19-Apr-13,-3.51
18-Apr-13,-3.4
17-Apr-13,-3.3
16-Apr-13,-3.18
15-Apr-13,-3
12-Apr-13,-2.9
11-Apr-13,-2.85
10-Apr-13,-2.98
09-Apr-13,-3.25
08-Apr-13,-3.67
05-Apr-13,-3.75
04-Apr-13,-4.05
03-Apr-13,-4.35
02-Apr-13,-4.75
01-Apr-13,-4.45
29-Mar-13,-4.75
28-Mar-13,-4.5
27-Mar-13,-4.25
26-Mar-13,-4.25
25-Mar-13,-4.25
22-Mar-13,-4.25
21-Mar-13,-4.42
20-Mar-13,-4.25
19-Mar-13,-4
18-Mar-13,-4
15-Mar-13,-3.76
14-Mar-13,-3.76
13-Mar-13,-3.75
12-Mar-13,-3.75
11-Mar-13,-4.18
08-Mar-13,-4.05
07-Mar-13,-4.28
06-Mar-13,-4.25
05-Mar-13,-4.15
04-Mar-13,-4
01-Mar-13,-3.98
28-Feb-13,-3.8
27-Feb-13,-3.53
26-Feb-13,-3.13
25-Feb-13,-3.23
22-Feb-13,-3.25
21-Feb-13,-3.63
20-Feb-13,-3.23
19-Feb-13,-2.75
18-Feb-13,-2.75
15-Feb-13,-2.75
14-Feb-13,-2.75
13-Feb-13,-2.62
12-Feb-13,-2.75
11-Feb-13,-2.52
08-Feb-13,-2.5
07-Feb-13,-2.67
06-Feb-13,-2.71
05-Feb-13,-2.7
04-Feb-13,-2.68
01-Feb-13,-2.75
31-Jan-13,-2.7
30-Jan-13,-2.63
29-Jan-13,-2.75
28-Jan-13,-2.75
25-Jan-13,-3.25
24-Jan-13,-3.25
23-Jan-13,-2.78
22-Jan-13,-2.75
21-Jan-13,-3.43
18-Jan-13,-3.25
17-Jan-13,-3.5
16-Jan-13,-2.65
15-Jan-13,-2.75
14-Jan-13,-2
11-Jan-13,-2.73
10-Jan-13,-3.25
09-Jan-13,-3.75
08-Jan-13,-3.75
07-Jan-13,-3.46
04-Jan-13,-3.06
03-Jan-13,-3.33
02-Jan-13,-3.25
01-Jan-13,-4.63
31-Dec-12,-5.29
28-Dec-12,-5.25
27-Dec-12,-5.96
26-Dec-12,-6.91
25-Dec-12,-7
24-Dec-12,-6.98
21-Dec-12,-7
20-Dec-12,-6.94
19-Dec-12,-7
18-Dec-12,-6
17-Dec-12,-5.3
14-Dec-12,-4.25
13-Dec-12,-4.5
12-Dec-12,-5.25
11-Dec-12,-6.25
10-Dec-12,-6.4
07-Dec-12,-6.25
06-Dec-12,-6.25
05-Dec-12,-7
04-Dec-12,-7.25
03-Dec-12,-7.27
30-Nov-12,-7.5
29-Nov-12,-7
28-Nov-12,-3.5
27-Nov-12,-3.56
26-Nov-12,-3.5
23-Nov-12,-2.77
22-Nov-12,-2.5
21-Nov-12,-2.5
20-Nov-12,-2.8
19-Nov-12,-2.65
16-Nov-12,-2.9
15-Nov-12,-2.65
14-Nov-12,-2.75
13-Nov-12,-2.75
12-Nov-12,-2.75
09-Nov-12,-2.92
08-Nov-12,-3
07-Nov-12,-2.5
06-Nov-12,-2.72
05-Nov-12,-3.5
02-Nov-12,-2.33
01-Nov-12,-2.5
31-Oct-12,0.75
30-Oct-12,0.95
29-Oct-12,1.25
26-Oct-12,1
25-Oct-12,1
24-Oct-12,0.45
23-Oct-12,0.25
22-Oct-12,0.55
19-Oct-12,0.55
18-Oct-12,0.65
17-Oct-12,0.8
16-Oct-12,1.25
15-Oct-12,1.75
12-Oct-12,1.4
11-Oct-12,1.15
10-Oct-12,1.25
09-Oct-12,1.9
08-Oct-12,1.3
05-Oct-12,1.07
04-Oct-12,1.25
03-Oct-12,1.5
02-Oct-12,2.5
01-Oct-12,2.5
28-Sep-12,0.55
27-Sep-12,0.55
26-Sep-12,2.85
25-Sep-12,2.75
24-Sep-12,3.15
21-Sep-12,2.63
20-Sep-12,3
19-Sep-12,2.15
18-Sep-12,2.4
17-Sep-12,2.26
14-Sep-12,2.35
13-Sep-12,2.55
12-Sep-12,2.3
11-Sep-12,2.3
10-Sep-12,2
07-Sep-12,1.45
06-Sep-12,0.55
05-Sep-12,0.55
04-Sep-12,0.2
03-Sep-12,0.25
31-Aug-12,0.2
30-Aug-12,1
29-Aug-12,1.75
28-Aug-12,1.85
27-Aug-12,1.65
24-Aug-12,1.9
23-Aug-12,2
22-Aug-12,2.5
21-Aug-12,3.4
20-Aug-12,3.75
17-Aug-12,4.43
16-Aug-12,3.88
15-Aug-12,4.5
14-Aug-12,4.5
13-Aug-12,4.93
10-Aug-12,3.96
09-Aug-12,4.84
08-Aug-12,4.25
07-Aug-12,4.25
06-Aug-12,4.5
03-Aug-12,4.4
02-Aug-12,4.5
01-Aug-12,4.69
31-Jul-12,4.62
30-Jul-12,5
27-Jul-12,4.5
26-Jul-12,4.15
25-Jul-12,3.5
24-Jul-12,2.5
23-Jul-12,2.5
20-Jul-12,2.5
19-Jul-12,2.5
18-Jul-12,2.85
17-Jul-12,3.19
16-Jul-12,3.88
13-Jul-12,3.7
12-Jul-12,4.92
11-Jul-12,6.31
10-Jul-12,6.16
09-Jul-12,5.75
06-Jul-12,5.25
05-Jul-12,3.82
04-Jul-12,3.65
03-Jul-12,2.87
02-Jul-12,2.71
29-Jun-12,3.15
28-Jun-12,3.47
27-Jun-12,4.88
26-Jun-12,4.7
25-Jun-12,4.22
22-Jun-12,4.45
21-Jun-12,4.5
20-Jun-12,5.45
19-Jun-12,5.25
18-Jun-12,4.75
15-Jun-12,5.15
14-Jun-12,4.62
13-Jun-12,4.98
12-Jun-12,4.29
11-Jun-12,5.2
08-Jun-12,4.6
07-Jun-12,4.46
06-Jun-12,4.43
05-Jun-12,5.5
04-Jun-12,5.18
01-Jun-12,5.83
31-May-12,7.98
30-May-12,6.72
29-May-12,6.15
28-May-12,5.73
25-May-12,6.2
24-May-12,5.93
23-May-12,5.92
22-May-12,5.8
21-May-12,5.92
18-May-12,6.38
17-May-12,6.74
16-May-12,6.19
15-May-12,6.08
14-May-12,5.79
11-May-12,5.35
10-May-12,5.03
09-May-12,5.05
08-May-12,4.31
07-May-12,3.87
04-May-12,3.65
03-May-12,3.9
02-May-12,3.59
01-May-12,3.66
30-Apr-12,3.8
27-Apr-12,3.4
26-Apr-12,3.25
25-Apr-12,2.99
24-Apr-12,2.94
23-Apr-12,2.85
20-Apr-12,2.4
19-Apr-12,2.68
18-Apr-12,2.76
17-Apr-12,3.18
16-Apr-12,3.77
13-Apr-12,3.5
12-Apr-12,3.29
11-Apr-12,3.1
10-Apr-12,3.03
09-Apr-12,2.75
06-Apr-12,2.55
05-Apr-12,2.98
04-Apr-12,2.58
03-Apr-12,2.5
02-Apr-12,2.32
30-Mar-12,2.4
29-Mar-12,2.48
28-Mar-12,1.76
27-Mar-12,2
26-Mar-12,2.36
23-Mar-12,2.08
22-Mar-12,2.1
21-Mar-12,2
20-Mar-12,2.3
19-Mar-12,2.2
16-Mar-12,2.5
15-Mar-12,2.75
14-Mar-12,2.44
13-Mar-12,2.5
12-Mar-12,2.57
09-Mar-12,2.91
08-Mar-12,4
07-Mar-12,1.85
06-Mar-12,1.92
05-Mar-12,1.5
02-Mar-12,2.34
01-Mar-12,2.96
29-Feb-12,3.5
28-Feb-12,3.7
27-Feb-12,4.26
24-Feb-12,3.81
23-Feb-12,3.54
22-Feb-12,3.68
21-Feb-12,3.41
20-Feb-12,4.32
17-Feb-12,4.21
16-Feb-12,4.21
15-Feb-12,4.89
14-Feb-12,4.7
13-Feb-12,4.82
10-Feb-12,4.54
09-Feb-12,2.51
08-Feb-12,2.5
07-Feb-12,2.18
06-Feb-12,2.06
03-Feb-12,2.22
02-Feb-12,2.08
01-Feb-12,1.25
31-Jan-12,2.26
30-Jan-12,1.94
27-Jan-12,0.54
26-Jan-12,0.72
25-Jan-12,0.75
24-Jan-12,0.44
23-Jan-12,-0.5
20-Jan-12,-0.6
19-Jan-12,-0.42
18-Jan-12,0.09
17-Jan-12,0.28
16-Jan-12,0.48
13-Jan-12,0
12-Jan-12,0.5
11-Jan-12,1.25
10-Jan-12,0.99
09-Jan-12,1.01
06-Jan-12,0.09
05-Jan-12,-0.79
04-Jan-12,-0.77
03-Jan-12,-3.41
02-Jan-12,-9.3
30-Dec-11,-3.65
29-Dec-11,-4.5
28-Dec-11,-12.63
27-Dec-11,-12.87
26-Dec-11,-13.28
23-Dec-11,-13.29
22-Dec-11,-12.91
21-Dec-11,-11.89
20-Dec-11,-12.39
19-Dec-11,-14.73
16-Dec-11,-14.94
15-Dec-11,-16
14-Dec-11,-18.49
13-Dec-11,-15.59
12-Dec-11,-14.05
09-Dec-11,-14.77
08-Dec-11,-15.03
07-Dec-11,-14.8
06-Dec-11,-19.61
05-Dec-11,-20.02
02-Dec-11,-14.39
01-Dec-11,-14.45
30-Nov-11,-19.18
29-Nov-11,-12.11
28-Nov-11,-2.74
25-Nov-11,-3.11
24-Nov-11,-2
23-Nov-11,-1.25
22-Nov-11,-0.85
21-Nov-11,-0.79
18-Nov-11,-1.72
17-Nov-11,-0.48
16-Nov-11,-0.48
15-Nov-11,0.33
14-Nov-11,-0.16
11-Nov-11,-0.78
10-Nov-11,0
09-Nov-11,-0.78
08-Nov-11,-1.29
07-Nov-11,-1.67
04-Nov-11,-3.25
03-Nov-11,-2.86
02-Nov-11,-3.25
01-Nov-11,-4.09
31-Oct-11,-2.24
28-Oct-11,-2.25
27-Oct-11,-2.32
26-Oct-11,-1.65
25-Oct-11,-1.12
24-Oct-11,-2.12
21-Oct-11,-4.5
20-Oct-11,-5.41
19-Oct-11,-4.97
18-Oct-11,-5
17-Oct-11,-5.5
14-Oct-11,-5.5
13-Oct-11,-5.5
12-Oct-11,-5.38
11-Oct-11,-6.13
10-Oct-11,-6.46
07-Oct-11,-7.2
06-Oct-11,-7.98
05-Oct-11,-4.79
04-Oct-11,-4.97
03-Oct-11,-4.32
30-Sep-11,-4.5
29-Sep-11,-4.2
28-Sep-11,-3.9
27-Sep-11,-3.87
26-Sep-11,-4.51
23-Sep-11,-3.5
22-Sep-11,-3.07
21-Sep-11,-3.79
20-Sep-11,-3.38
19-Sep-11,-3.15
16-Sep-11,-3.15
15-Sep-11,-2.57
14-Sep-11,-3
13-Sep-11,-3
12-Sep-11,-3
09-Sep-11,-2
08-Sep-11,-3.15
07-Sep-11,-3.65
06-Sep-11,-3.65
05-Sep-11,-3.26
02-Sep-11,-3.3
01-Sep-11,-2.33
31-Aug-11,-3
30-Aug-11,-2.7
29-Aug-11,-1.5
26-Aug-11,-1.75
25-Aug-11,-1.82
24-Aug-11,-1.82
23-Aug-11,-2
22-Aug-11,-2.2
19-Aug-11,-1.69
18-Aug-11,-2.04
17-Aug-11,0.22
16-Aug-11,-4.01
15-Aug-11,-4
12-Aug-11,-3.58
11-Aug-11,-4.32
10-Aug-11,-3.6
09-Aug-11,-2.6
08-Aug-11,1.35
05-Aug-11,1.7
04-Aug-11,1.56
03-Aug-11,2
02-Aug-11,2.75
01-Aug-11,3.8
29-Jul-11,3.75
28-Jul-11,3.95
27-Jul-11,4.15
26-Jul-11,4.1
25-Jul-11,3.65
22-Jul-11,3
21-Jul-11,3.29
20-Jul-11,3.19
19-Jul-11,3.05
18-Jul-11,3.3
15-Jul-11,3
14-Jul-11,3.2
13-Jul-11,4.07
12-Jul-11,2.75
11-Jul-11,3.05
08-Jul-11,2.45
07-Jul-11,2.98
06-Jul-11,2.55
05-Jul-11,2.83
04-Jul-11,2.9
01-Jul-11,3
30-Jun-11,2.76
29-Jun-11,2.82
28-Jun-11,2.2
27-Jun-11,2.77
24-Jun-11,2.2
23-Jun-11,2.06
22-Jun-11,2.6
21-Jun-11,2.85
20-Jun-11,2.88
17-Jun-11,2.45
16-Jun-11,3.61
15-Jun-11,3
14-Jun-11,3.35
13-Jun-11,3.9
10-Jun-11,4.25
09-Jun-11,4.5
08-Jun-11,4.35
07-Jun-11,4.61
06-Jun-11,6.32
03-Jun-11,4.9
02-Jun-11,6.03
01-Jun-11,5.6
31-May-11,5.5
30-May-11,5.49
27-May-11,4.9
26-May-11,6.01
25-May-11,5.35
24-May-11,5.5
23-May-11,5.35
20-May-11,5.4
19-May-11,5.94
18-May-11,6.43
17-May-11,6
16-May-11,5.8
13-May-11,6.47
12-May-11,5.36
11-May-11,5.66
10-May-11,5.45
09-May-11,5.6
06-May-11,5.48
05-May-11,5.37
04-May-11,5.25
03-May-11,5.29
02-May-11,5.15
29-Apr-11,4.97
28-Apr-11,4.97
27-Apr-11,5.15
26-Apr-11,4.61
25-Apr-11,4.36
22-Apr-11,3.93
21-Apr-11,3.93
20-Apr-11,4.09
19-Apr-11,4.26
18-Apr-11,4.17
15-Apr-11,3.98
14-Apr-11,3.97
13-Apr-11,4.14
12-Apr-11,4.42
11-Apr-11,4.86
08-Apr-11,4.84
07-Apr-11,4.63
06-Apr-11,4.32
05-Apr-11,4.49
04-Apr-11,4.22
01-Apr-11,3.75
31-Mar-11,4.25
30-Mar-11,4.41
29-Mar-11,3.99
28-Mar-11,3.7
25-Mar-11,3.5
24-Mar-11,2.75
23-Mar-11,2.08
22-Mar-11,3.44
21-Mar-11,4.29
18-Mar-11,5.11
17-Mar-11,3.97
16-Mar-11,3.82
15-Mar-11,3.82
14-Mar-11,4.45
11-Mar-11,3.98
10-Mar-11,4.75
09-Mar-11,4.74
08-Mar-11,4.68
07-Mar-11,4.68
04-Mar-11,4.41
03-Mar-11,4.42
02-Mar-11,4.44
01-Mar-11,4.96
28-Feb-11,4.93
25-Feb-11,4.36
24-Feb-11,4.2
23-Feb-11,4.37
22-Feb-11,3.7
21-Feb-11,3.83
18-Feb-11,3.81
17-Feb-11,3.82
16-Feb-11,3.54
15-Feb-11,3.86
14-Feb-11,3.84
11-Feb-11,3.75
10-Feb-11,3.95
09-Feb-11,4.46
08-Feb-11,3.63
07-Feb-11,3.79
04-Feb-11,3.09
03-Feb-11,4.62
02-Feb-11,3.87
01-Feb-11,3.85
31-Jan-11,4.6
28-Jan-11,4.22
27-Jan-11,3.9
26-Jan-11,4.63
25-Jan-11,4.31
24-Jan-11,4.79
21-Jan-11,4.38
20-Jan-11,3.64
19-Jan-11,4.08
18-Jan-11,3.42
17-Jan-11,4.23
14-Jan-11,3.68
13-Jan-11,3.54
12-Jan-11,2.47
11-Jan-11,2.09
10-Jan-11,2.18
07-Jan-11,0.9
06-Jan-11,1.72
05-Jan-11,3
04-Jan-11,2.61
03-Jan-11,2
31-Dec-10,0.08
30-Dec-10,0.09
29-Dec-10,1.07
28-Dec-10,1.12
27-Dec-10,1.15
24-Dec-10,-0.42
23-Dec-10,1.59
22-Dec-10,1.25
21-Dec-10,2.49
20-Dec-10,2.03
17-Dec-10,2.4
16-Dec-10,2.6
15-Dec-10,2.28
14-Dec-10,2.84
13-Dec-10,3.11
10-Dec-10,3.68
09-Dec-10,4.97
08-Dec-10,5.27
07-Dec-10,5.45
06-Dec-10,5.59
03-Dec-10,4.73
02-Dec-10,2.85
01-Dec-10,4.5
30-Nov-10,4.69
29-Nov-10,4.61
26-Nov-10,4.15
25-Nov-10,4.54
24-Nov-10,5.03
23-Nov-10,5.33
22-Nov-10,5.24
19-Nov-10,4.8
18-Nov-10,5.04
17-Nov-10,5.4
16-Nov-10,5.73
15-Nov-10,6.19
12-Nov-10,6.6
11-Nov-10,6.24
10-Nov-10,6.69
09-Nov-10,6.68
08-Nov-10,6.98
05-Nov-10,6.85
04-Nov-10,6.83
03-Nov-10,7.06
02-Nov-10,7.52
01-Nov-10,7.12
29-Oct-10,6.51
28-Oct-10,6.83
27-Oct-10,7.39
26-Oct-10,7.67
25-Oct-10,7.64
22-Oct-10,6.26
21-Oct-10,7
20-Oct-10,6.57
19-Oct-10,6.9
18-Oct-10,7.61
15-Oct-10,7.31
14-Oct-10,7.85
13-Oct-10,7.17
12-Oct-10,7.41
11-Oct-10,7.52
08-Oct-10,7.51
07-Oct-10,6.9
06-Oct-10,6.72
05-Oct-10,6.99
04-Oct-10,6.82
01-Oct-10,7.75
30-Sep-10,6.44
29-Sep-10,6.91
28-Sep-10,6.48
27-Sep-10,6.54
24-Sep-10,6.95
23-Sep-10,6.97
22-Sep-10,7.02
21-Sep-10,7.35
20-Sep-10,6.04
17-Sep-10,6.75
16-Sep-10,7.16
15-Sep-10,7.08
14-Sep-10,7.3
13-Sep-10,6.61
10-Sep-10,6.75
09-Sep-10,5.6
08-Sep-10,5.95
07-Sep-10,6.17
06-Sep-10,5.67
03-Sep-10,5.55
02-Sep-10,7.14
01-Sep-10,7.39
31-Aug-10,7.71
30-Aug-10,7.26
27-Aug-10,5.7
26-Aug-10,6.63
25-Aug-10,6.69
24-Aug-10,6.92
23-Aug-10,7.63
20-Aug-10,5.9
19-Aug-10,6.73
18-Aug-10,6.71
17-Aug-10,6.92
16-Aug-10,7.19
13-Aug-10,5.8
12-Aug-10,6.24
11-Aug-10,4.41
10-Aug-10,4.41
09-Aug-10,5.3
06-Aug-10,5
05-Aug-10,3.95
04-Aug-10,3.57
03-Aug-10,4.55
02-Aug-10,4.15
30-Jul-10,4.75
29-Jul-10,3.51
28-Jul-10,3.63
27-Jul-10,3.51
26-Jul-10,3.63
23-Jul-10,4.5
22-Jul-10,3.61
21-Jul-10,3.66
20-Jul-10,3.76
19-Jul-10,4.03
16-Jul-10,4.45
15-Jul-10,4.14
14-Jul-10,3.7
13-Jul-10,3.46
12-Jul-10,4.51
09-Jul-10,2.7
08-Jul-10,3.36
07-Jul-10,3.04
06-Jul-10,3.14
05-Jul-10,3.17
02-Jul-10,2.75
01-Jul-10,2.92
30-Jun-10,3.17
29-Jun-10,3.67
28-Jun-10,3.75
25-Jun-10,2.75
24-Jun-10,2.7
23-Jun-10,3.14
22-Jun-10,3.92
21-Jun-10,3.31
18-Jun-10,1.85
17-Jun-10,2.25
16-Jun-10,2.7
15-Jun-10,2.13
14-Jun-10,2.88
11-Jun-10,1.5
10-Jun-10,2.03
09-Jun-10,2.14
08-Jun-10,2.22
07-Jun-10,2.09
04-Jun-10,0.3
03-Jun-10,-0.62
02-Jun-10,-0.67
01-Jun-10,-0.69
31-May-10,0.5
28-May-10,0.5
27-May-10,-0.77
26-May-10,-0.68
25-May-10,-1.5
24-May-10,3.5
21-May-10,4
20-May-10,3.7
19-May-10,4.32
18-May-10,5.67
17-May-10,5
14-May-10,5.5
13-May-10,3.4
12-May-10,3.37
11-May-10,3.13
10-May-10,4.3
07-May-10,4
06-May-10,5.79
05-May-10,8.63
04-May-10,9.65
03-May-10,9.66
30-Apr-10,9.05
29-Apr-10,9.01
28-Apr-10,7.89
27-Apr-10,9.46
26-Apr-10,10.68
23-Apr-10,9.45
22-Apr-10,10.73
21-Apr-10,10.95
20-Apr-10,10.94
19-Apr-10,10.24
16-Apr-10,10.75
15-Apr-10,10.09
14-Apr-10,11.14
13-Apr-10,11.56
12-Apr-10,10.82
09-Apr-10,10.5
08-Apr-10,11.07
07-Apr-10,11.43
06-Apr-10,11.81
05-Apr-10,10.75
02-Apr-10,10.75
01-Apr-10,10.95
31-Mar-10,11.43
30-Mar-10,11.87
29-Mar-10,11.06
26-Mar-10,11.25
25-Mar-10,11.57
24-Mar-10,11.23
23-Mar-10,11.92
22-Mar-10,12.27
19-Mar-10,10.45
18-Mar-10,11.64
17-Mar-10,11.52
16-Mar-10,11.9
15-Mar-10,11.85
12-Mar-10,12.05
11-Mar-10,12.11
10-Mar-10,11.83
09-Mar-10,12.3
08-Mar-10,12.66
05-Mar-10,11.75
04-Mar-10,12.5
03-Mar-10,12.94
02-Mar-10,13.45
01-Mar-10,13.94
26-Feb-10,12.67
25-Feb-10,12.77
24-Feb-10,13.59
23-Feb-10,11.34
22-Feb-10,11.25
19-Feb-10,11.25
18-Feb-10,11.21
17-Feb-10,11.29
16-Feb-10,10.86
15-Feb-10,11.03
12-Feb-10,10.96
11-Feb-10,10.89
10-Feb-10,10.8
09-Feb-10,10.72
08-Feb-10,10.75
05-Feb-10,10.9
04-Feb-10,11.75
03-Feb-10,11.75
02-Feb-10,11.75
01-Feb-10,10.85
29-Jan-10,12.25
28-Jan-10,10.48
27-Jan-10,11.75
26-Jan-10,12.25
25-Jan-10,12.75
22-Jan-10,12.05
21-Jan-10,10.37
20-Jan-10,13.25
19-Jan-10,12.25
18-Jan-10,12.45
15-Jan-10,11
14-Jan-10,11.42
13-Jan-10,11.84
12-Jan-10,11.5
11-Jan-10,12.5
08-Jan-10,11.5
07-Jan-10,10.5
06-Jan-10,9.24
05-Jan-10,10
04-Jan-10,8.31
01-Jan-10,9.47
31-Dec-09,9.47
30-Dec-09,9.1
29-Dec-09,8.5
28-Dec-09,8.75
25-Dec-09,8.75
24-Dec-09,9
23-Dec-09,9.05
22-Dec-09,8.7
21-Dec-09,9.25
18-Dec-09,9.25
17-Dec-09,9.25
16-Dec-09,11.39
15-Dec-09,11.75
14-Dec-09,12.75
11-Dec-09,12.25
10-Dec-09,12.25
09-Dec-09,13.54
08-Dec-09,13.99
07-Dec-09,14.26
04-Dec-09,13
03-Dec-09,13.23
02-Dec-09,12.7
01-Dec-09,13.73
30-Nov-09,14.36
27-Nov-09,14.25
26-Nov-09,13.75
25-Nov-09,13.75
24-Nov-09,15.27
23-Nov-09,16.31
20-Nov-09,17.61
19-Nov-09,15.04
18-Nov-09,15.07
17-Nov-09,13.86
16-Nov-09,13.59
13-Nov-09,14.45
12-Nov-09,14.45
11-Nov-09,15.23
10-Nov-09,15.19
09-Nov-09,15.25
06-Nov-09,14.5
05-Nov-09,14.1
04-Nov-09,15.25
03-Nov-09,15.75
02-Nov-09,14.75
30-Oct-09,14.45
29-Oct-09,13.1
28-Oct-09,14.93
27-Oct-09,14.59
26-Oct-09,14.94
23-Oct-09,13.25
22-Oct-09,15.65
21-Oct-09,14.5
20-Oct-09,15.25
19-Oct-09,16.08
16-Oct-09,15
15-Oct-09,14.27
14-Oct-09,15
13-Oct-09,15
12-Oct-09,15
09-Oct-09,13.75
08-Oct-09,15.06
07-Oct-09,14.25
06-Oct-09,14.25
05-Oct-09,15.14
02-Oct-09,14.25
01-Oct-09,14
30-Sep-09,14.54
29-Sep-09,14.75
28-Sep-09,13.75
25-Sep-09,13.75
24-Sep-09,14.25
23-Sep-09,14.35
22-Sep-09,14.64
21-Sep-09,13.54
18-Sep-09,13.75
17-Sep-09,14.75
16-Sep-09,14
15-Sep-09,14.77
14-Sep-09,13.75
11-Sep-09,13.75
10-Sep-09,14.41
09-Sep-09,15.37
08-Sep-09,15.95
07-Sep-09,14.63
04-Sep-09,14
03-Sep-09,14
02-Sep-09,16.45
01-Sep-09,16
31-Aug-09,15.5
28-Aug-09,15.5
27-Aug-09,13.59
26-Aug-09,14
25-Aug-09,14
24-Aug-09,15.72
21-Aug-09,14.5
20-Aug-09,15.7
19-Aug-09,16.91
18-Aug-09,16.5
17-Aug-09,17.4
14-Aug-09,16.25
13-Aug-09,16.5
12-Aug-09,14.75
11-Aug-09,14.5
10-Aug-09,14.31
07-Aug-09,12.5
06-Aug-09,13.5
05-Aug-09,15.5
04-Aug-09,15.5
03-Aug-09,15.5
31-Jul-09,13.7
30-Jul-09,13.27
29-Jul-09,13.33
28-Jul-09,13.59
27-Jul-09,15.5
24-Jul-09,15
23-Jul-09,15
22-Jul-09,15.75
21-Jul-09,15.6
20-Jul-09,16.25
17-Jul-09,14.05
16-Jul-09,14.03
15-Jul-09,16
14-Jul-09,13.85
13-Jul-09,15.17
10-Jul-09,14.7
09-Jul-09,13.41
08-Jul-09,13.55
07-Jul-09,14.7
06-Jul-09,15
03-Jul-09,15.5
02-Jul-09,14.4
01-Jul-09,14.15
30-Jun-09,17
29-Jun-09,18.5
26-Jun-09,17.5
25-Jun-09,16.75
24-Jun-09,14.5
23-Jun-09,15.2
22-Jun-09,15.45
19-Jun-09,16.5
18-Jun-09,18.5
17-Jun-09,20.5
16-Jun-09,20.5
15-Jun-09,20.5
12-Jun-09,16.4
11-Jun-09,17.55
10-Jun-09,18.4
09-Jun-09,18.7
08-Jun-09,18.5
05-Jun-09,18
04-Jun-09,16.25
03-Jun-09,19
02-Jun-09,19
01-Jun-09,18.5
29-May-09,18.5
28-May-09,17.85
27-May-09,17.35
26-May-09,20.14
25-May-09,20.73
22-May-09,19
21-May-09,19.2
20-May-09,20
19-May-09,19.6
18-May-09,23
15-May-09,19.15
14-May-09,21.5
13-May-09,19.45
12-May-09,20
11-May-09,20.21
08-May-09,17.8
07-May-09,16.85
06-May-09,21.79
05-May-09,22.33
04-May-09,20.29
01-May-09,22
30-Apr-09,19.49
29-Apr-09,19.39
28-Apr-09,19.97
27-Apr-09,20.85
24-Apr-09,19.72
23-Apr-09,20.11
22-Apr-09,21.7
21-Apr-09,22.2
20-Apr-09,22
17-Apr-09,21
16-Apr-09,19.11
15-Apr-09,21
14-Apr-09,21.01
13-Apr-09,21
10-Apr-09,19.6
09-Apr-09,21.4
08-Apr-09,17.5
07-Apr-09,17.5
06-Apr-09,20.52
03-Apr-09,18.5
02-Apr-09,18.5
01-Apr-09,18.05
31-Mar-09,18.5
30-Mar-09,17.4
27-Mar-09,17
26-Mar-09,15.86
25-Mar-09,15.6
24-Mar-09,17
23-Mar-09,23.97
20-Mar-09,18
19-Mar-09,24.16
18-Mar-09,23.51
17-Mar-09,17.75
16-Mar-09,24.96
13-Mar-09,17
12-Mar-09,17
11-Mar-09,15
10-Mar-09,15
09-Mar-09,19.29
06-Mar-09,12.8
05-Mar-09,8
04-Mar-09,11.72
03-Mar-09,15.15
02-Mar-09,23.19
27-Feb-09,16
26-Feb-09,17
25-Feb-09,18
24-Feb-09,24.57
23-Feb-09,20
20-Feb-09,21.5
19-Feb-09,19.9
18-Feb-09,23.84
17-Feb-09,22.96
16-Feb-09,20.35
13-Feb-09,21
12-Feb-09,19
11-Feb-09,19
10-Feb-09,19
09-Feb-09,19
06-Feb-09,19
05-Feb-09,19
04-Feb-09,19.35
03-Feb-09,21.57
02-Feb-09,22.55
30-Jan-09,19.1
29-Jan-09,24.31
28-Jan-09,20.5
27-Jan-09,20.5
26-Jan-09,20.5
23-Jan-09,20.5
22-Jan-09,20.5
21-Jan-09,20.5
20-Jan-09,24
19-Jan-09,25.5
16-Jan-09,24.5
15-Jan-09,24.5
14-Jan-09,31.05
13-Jan-09,31.2
12-Jan-09,33.5
09-Jan-09,31.5
08-Jan-09,32.5
07-Jan-09,32.5
06-Jan-09,32.5
05-Jan-09,35.2
02-Jan-09,33.4
01-Jan-09,35.85
31-Dec-08,32.15
30-Dec-08,30.75
29-Dec-08,27.2
26-Dec-08,26.1
25-Dec-08,24.5
24-Dec-08,26.4
23-Dec-08,24.5
22-Dec-08,24.5
19-Dec-08,27.5
18-Dec-08,28.1
17-Dec-08,30
16-Dec-08,22.15
15-Dec-08,29
12-Dec-08,29
11-Dec-08,27.9
10-Dec-08,30
09-Dec-08,28
08-Dec-08,26.3
05-Dec-08,24.8
04-Dec-08,12.65
03-Dec-08,10.75
02-Dec-08,10.65
01-Dec-08,5.21
28-Nov-08,4.97
27-Nov-08,1.56
26-Nov-08,15.8
25-Nov-08,14.8
24-Nov-08,19.61
21-Nov-08,28.61
20-Nov-08,29.72
19-Nov-08,31.9
18-Nov-08,33.4
17-Nov-08,30.75
14-Nov-08,28.9
13-Nov-08,31.76
12-Nov-08,32.97
11-Nov-08,38.16
10-Nov-08,32.67
07-Nov-08,32.95
06-Nov-08,20.79
05-Nov-08,35.65
04-Nov-08,36.1
03-Nov-08,29.9
31-Oct-08,30.15
30-Oct-08,26.7
29-Oct-08,26.4
28-Oct-08,23.75
27-Oct-08,41.55
24-Oct-08,30.65
23-Oct-08,31.06
22-Oct-08,29.89
21-Oct-08,16.61
20-Oct-08,11.35
17-Oct-08,0.96
16-Oct-08,-4.61
15-Oct-08,-8.83
14-Oct-08,-8.85
13-Oct-08,-14.41
10-Oct-08,-37.5
09-Oct-08,-29.15
08-Oct-08,-29.2
07-Oct-08,-24.53
06-Oct-08,-13.97
03-Oct-08,-6
02-Oct-08,-22.5
01-Oct-08,-25
30-Sep-08,-28.31
29-Sep-08,-8.51
26-Sep-08,-10.5
25-Sep-08,-11.5
24-Sep-08,-10.5
23-Sep-08,-8.5
22-Sep-08,-9.5
19-Sep-08,-11.47
18-Sep-08,-29.05
17-Sep-08,-13.53
16-Sep-08,7.27
15-Sep-08,14.7
12-Sep-08,15.9
11-Sep-08,17.81
10-Sep-08,18.38
09-Sep-08,18.99
08-Sep-08,15.95
05-Sep-08,16.44
04-Sep-08,15.7
03-Sep-08,16.7
02-Sep-08,17.13
01-Sep-08,16.04
29-Aug-08,15.94
28-Aug-08,15.57
27-Aug-08,17.15
26-Aug-08,16.25
25-Aug-08,17.1
22-Aug-08,15.85
21-Aug-08,15.7
20-Aug-08,13.58
19-Aug-08,14.39
18-Aug-08,16.82
15-Aug-08,15.9
14-Aug-08,15.38
13-Aug-08,15.35
12-Aug-08,15.32
11-Aug-08,15.46
08-Aug-08,14.56
07-Aug-08,14.16
06-Aug-08,15.55
05-Aug-08,16.28
04-Aug-08,17.1
01-Aug-08,14.95
31-Jul-08,15.35
30-Jul-08,15.05
29-Jul-08,13.65
28-Jul-08,15.45
25-Jul-08,16.58
24-Jul-08,16.55
23-Jul-08,16.61
22-Jul-08,16.85
21-Jul-08,16.79
18-Jul-08,15.13
17-Jul-08,16.45
16-Jul-08,15.25
15-Jul-08,15.77
14-Jul-08,16.01
11-Jul-08,14.3
10-Jul-08,14.36
09-Jul-08,14.26
08-Jul-08,16.15
07-Jul-08,15.49
04-Jul-08,15.2
03-Jul-08,15.4
02-Jul-08,15.02
01-Jul-08,15.55
30-Jun-08,17.39
27-Jun-08,16.26
26-Jun-08,16.05
25-Jun-08,15.52
24-Jun-08,16.7
23-Jun-08,15.14
20-Jun-08,14.84
19-Jun-08,14.52
18-Jun-08,15.6
17-Jun-08,14.58
16-Jun-08,13.59
13-Jun-08,14.7
12-Jun-08,16.29
11-Jun-08,15.69
10-Jun-08,17.7
09-Jun-08,16.45
06-Jun-08,16.3
05-Jun-08,16.82
04-Jun-08,17.1
03-Jun-08,17.71
02-Jun-08,18.21
30-May-08,16.2
29-May-08,16.41
28-May-08,18.3
27-May-08,19.55
26-May-08,19.55
23-May-08,18.35
22-May-08,18.45
21-May-08,19
20-May-08,19.9
19-May-08,17.43
16-May-08,17.29
15-May-08,18.4
14-May-08,16.35
13-May-08,17.5
12-May-08,17.91
09-May-08,18.54
08-May-08,17.29
07-May-08,16.48
06-May-08,16.1
05-May-08,15.04
02-May-08,14.28
01-May-08,13.69
30-Apr-08,13.52
29-Apr-08,13.16
28-Apr-08,12.88
25-Apr-08,12.5
24-Apr-08,12.1
23-Apr-08,11.75
22-Apr-08,12.5
21-Apr-08,11.5
18-Apr-08,10.8
17-Apr-08,11.55
16-Apr-08,12.55
15-Apr-08,14.15
14-Apr-08,13.65
11-Apr-08,13.6
10-Apr-08,12.85
09-Apr-08,12.87
08-Apr-08,12.37
07-Apr-08,13.14
04-Apr-08,11.35
03-Apr-08,11.45
02-Apr-08,11.6
01-Apr-08,12.85
31-Mar-08,12.05
28-Mar-08,12.15
27-Mar-08,12.05
26-Mar-08,14.55
25-Mar-08,16.23
24-Mar-08,18.79
21-Mar-08,17.25
20-Mar-08,17.68
19-Mar-08,17.93
18-Mar-08,19.26
17-Mar-08,16.75
14-Mar-08,16.2
13-Mar-08,14.75
12-Mar-08,13.65
11-Mar-08,14.2
10-Mar-08,14
07-Mar-08,13.25
06-Mar-08,10.5
05-Mar-08,10.7
04-Mar-08,10.95
03-Mar-08,11.2
29-Feb-08,10.05
28-Feb-08,9.7
27-Feb-08,9
26-Feb-08,9.1
25-Feb-08,9.3
22-Feb-08,9.1
21-Feb-08,8.95
20-Feb-08,10.2
19-Feb-08,9.5
18-Feb-08,10
15-Feb-08,9.3
14-Feb-08,9.4
13-Feb-08,9.8
12-Feb-08,9.8
11-Feb-08,9.95
08-Feb-08,9.45
07-Feb-08,9.4
06-Feb-08,8.75
05-Feb-08,6
04-Feb-08,6.35
01-Feb-08,8.1
31-Jan-08,7.85
30-Jan-08,6
29-Jan-08,6.5
28-Jan-08,6.3
25-Jan-08,5.3
24-Jan-08,7
23-Jan-08,6.15
22-Jan-08,3.1
21-Jan-08,-3.3
18-Jan-08,-3.5
17-Jan-08,-4.95
16-Jan-08,-4
15-Jan-08,-4.5
14-Jan-08,-4.5
11-Jan-08,-8.55
10-Jan-08,-11.25
09-Jan-08,-11.7
08-Jan-08,-13
07-Jan-08,-14
04-Jan-08,-12.85
03-Jan-08,-13
02-Jan-08,-12.5
01-Jan-08,-13
31-Dec-07,-13
28-Dec-07,-12.7
27-Dec-07,-12.5
26-Dec-07,-10.5
25-Dec-07,-10.5
24-Dec-07,-10.5
21-Dec-07,-10.5
20-Dec-07,-11
19-Dec-07,-10.5
18-Dec-07,-10.5
17-Dec-07,-11.5
14-Dec-07,-11
13-Dec-07,-11
12-Dec-07,-12.5
11-Dec-07,-18
10-Dec-07,-18.5
07-Dec-07,-20.5
06-Dec-07,-22
05-Dec-07,-21.75
04-Dec-07,-22.5
03-Dec-07,-23.5
30-Nov-07,-23
29-Nov-07,-25.5
28-Nov-07,-19
27-Nov-07,-23.5
26-Nov-07,-21.4
23-Nov-07,-21.85
22-Nov-07,-21
21-Nov-07,-24
20-Nov-07,-24.9
19-Nov-07,-21.55
16-Nov-07,-21.5
15-Nov-07,-20.35
14-Nov-07,-20.5
13-Nov-07,-21
12-Nov-07,-21.5
09-Nov-07,-19.85
08-Nov-07,-20.5
07-Nov-07,-21
06-Nov-07,-21.5
05-Nov-07,-21.15
02-Nov-07,-21.1
01-Nov-07,-21.25
31-Oct-07,-22.5
30-Oct-07,-24
29-Oct-07,-22
26-Oct-07,-24.5
25-Oct-07,-23
24-Oct-07,-24.85
23-Oct-07,-27.1
22-Oct-07,-27.7
19-Oct-07,-26.3
18-Oct-07,-27.15
17-Oct-07,-28
16-Oct-07,-30.4
15-Oct-07,-31.05
12-Oct-07,-29.2
11-Oct-07,-30
10-Oct-07,-31.65
09-Oct-07,-33.1
08-Oct-07,-34.55
05-Oct-07,-31.85
04-Oct-07,-32.6
03-Oct-07,-32.7
02-Oct-07,-33.6
01-Oct-07,-34.45
28-Sep-07,-32.3
27-Sep-07,-32.55
26-Sep-07,-32.7
25-Sep-07,-34.75
24-Sep-07,-30
21-Sep-07,-30.1
20-Sep-07,-30.85
19-Sep-07,-32
18-Sep-07,-37.55
17-Sep-07,-36.55
14-Sep-07,-37.1
13-Sep-07,-39.25
12-Sep-07,-41.75
11-Sep-07,-44.1
10-Sep-07,-42.95
07-Sep-07,-44.45
06-Sep-07,-43
05-Sep-07,-47.75
04-Sep-07,-49.7
03-Sep-07,-43.25
31-Aug-07,-42.5
30-Aug-07,-44.5
29-Aug-07,-41.85
28-Aug-07,-38.75
27-Aug-07,-40
24-Aug-07,-41.65
23-Aug-07,-45.25
22-Aug-07,-45.05
21-Aug-07,-46.8
20-Aug-07,-48
17-Aug-07,-45.55
16-Aug-07,-45.25
15-Aug-07,-45.65
14-Aug-07,-46.75
13-Aug-07,-49.7
10-Aug-07,-46
09-Aug-07,-44.75
08-Aug-07,-42.55
07-Aug-07,-42.85
06-Aug-07,-43.9
03-Aug-07,-41.05
02-Aug-07,-41.2
01-Aug-07,-42.65
31-Jul-07,-43.85
30-Jul-07,-44
27-Jul-07,-41.2
26-Jul-07,-40.65
25-Jul-07,-40.8
24-Jul-07,-43.05
23-Jul-07,-44.55
20-Jul-07,-42.2
19-Jul-07,-42.45
18-Jul-07,-42.95
17-Jul-07,-46.7
16-Jul-07,-48.15
13-Jul-07,-45.35
12-Jul-07,-45.3
11-Jul-07,-45.6
10-Jul-07,-47.6
09-Jul-07,-49.25
06-Jul-07,-46.35
05-Jul-07,-46.4
04-Jul-07,-46.6
03-Jul-07,-46.6
02-Jul-07,-46.75
29-Jun-07,-46.8
28-Jun-07,-47
27-Jun-07,-47.85
26-Jun-07,-48.15
25-Jun-07,-44.2
22-Jun-07,-44.25
21-Jun-07,-43
20-Jun-07,-46.1
19-Jun-07,-47.5
18-Jun-07,-44.8
15-Jun-07,-44.75
14-Jun-07,-45.1
13-Jun-07,-46.65
12-Jun-07,-48
11-Jun-07,-45.1
08-Jun-07,-45
07-Jun-07,-44.9
06-Jun-07,-46.15
05-Jun-07,-47.65
04-Jun-07,-49.05
01-Jun-07,-51.2
31-May-07,-53.3
30-May-07,-47.7
29-May-07,-44.5
28-May-07,-46.45
25-May-07,-48.7
24-May-07,-49
23-May-07,-49.05
22-May-07,-50.7
21-May-07,-52.15
18-May-07,-49.5
17-May-07,-50.5
16-May-07,-50.25
15-May-07,-51.85
14-May-07,-53.6
11-May-07,-50.25
10-May-07,-50
09-May-07,-49.85
08-May-07,-52.05
07-May-07,-51.8
04-May-07,-53.45
03-May-07,-50.25
02-May-07,-50.1
01-May-07,-51.5
30-Apr-07,-51.5
27-Apr-07,-53.3
26-Apr-07,-49.9
25-Apr-07,-51.35
24-Apr-07,-52.7
23-Apr-07,-48.15
20-Apr-07,-48.45
19-Apr-07,-48
18-Apr-07,-49.9
17-Apr-07,-51.5
16-Apr-07,-48.15
13-Apr-07,-47.6
12-Apr-07,-48.35
11-Apr-07,-50.15
10-Apr-07,-51.85
09-Apr-07,-48.85
06-Apr-07,-48.8
05-Apr-07,-48.65
04-Apr-07,-50.45
03-Apr-07,-52.45
02-Apr-07,-49
30-Mar-07,-48.85
29-Mar-07,-49.25
28-Mar-07,-50.95
27-Mar-07,-52.5
26-Mar-07,-53.95
23-Mar-07,-50.75
22-Mar-07,-50.55
21-Mar-07,-50.1
20-Mar-07,-52.1
19-Mar-07,-53.75
16-Mar-07,-50.35
15-Mar-07,-50.85
14-Mar-07,-51
13-Mar-07,-52.75
12-Mar-07,-54.45
09-Mar-07,-51.6
08-Mar-07,-51.75
07-Mar-07,-53
06-Mar-07,-54.55
05-Mar-07,-56.6
02-Mar-07,-51.6
01-Mar-07,-51.25
28-Feb-07,-51.2
27-Feb-07,-53.2
26-Feb-07,-50.05
23-Feb-07,-46.95
22-Feb-07,-46.7
21-Feb-07,-46.7
20-Feb-07,-46.35
19-Feb-07,-46.25
16-Feb-07,-46.5
15-Feb-07,-46.45
14-Feb-07,-46.55
13-Feb-07,-46.65
12-Feb-07,-46.4
09-Feb-07,-46.95
08-Feb-07,-46.9
07-Feb-07,-46.75
06-Feb-07,-46.9
05-Feb-07,-47.2
02-Feb-07,-47
01-Feb-07,-47
31-Jan-07,-46.8
30-Jan-07,-47.1
29-Jan-07,-46.9
26-Jan-07,-49.2
25-Jan-07,-50.6
24-Jan-07,-51.75
23-Jan-07,-53.25
22-Jan-07,-54.8
19-Jan-07,-51.4
18-Jan-07,-51.3
17-Jan-07,-53.5
16-Jan-07,-55.1
15-Jan-07,-56.5
12-Jan-07,-51.75
11-Jan-07,-51
10-Jan-07,-52.05
09-Jan-07,-53.4
08-Jan-07,-55
05-Jan-07,-51.75
04-Jan-07,-50.6
03-Jan-07,-49.9
02-Jan-07,-51.85
01-Jan-07,-53.35
29-Dec-06,-53.35
28-Dec-06,-50.6
27-Dec-06,-54.5
26-Dec-06,-53.5
25-Dec-06,-53.3
22-Dec-06,-53.2
21-Dec-06,-54.3
20-Dec-06,-50.65
19-Dec-06,-52.7
18-Dec-06,-54.6
15-Dec-06,-51.75
14-Dec-06,-51.15
13-Dec-06,-52.85
12-Dec-06,-54
11-Dec-06,-56.15
08-Dec-06,-51.35
07-Dec-06,-50.85
06-Dec-06,-50.95
05-Dec-06,-52.45
04-Dec-06,-54.1
01-Dec-06,-51.2
30-Nov-06,-52
29-Nov-06,-53.5
28-Nov-06,-47.65
27-Nov-06,-49.55
24-Nov-06,-49.75
23-Nov-06,-50.15
22-Nov-06,-55
21-Nov-06,-55.55
20-Nov-06,-51.15
17-Nov-06,-50.75
16-Nov-06,-50.85
15-Nov-06,-50.9
14-Nov-06,-54.35
13-Nov-06,-51.05
10-Nov-06,-51.1
09-Nov-06,-51.1
08-Nov-06,-52.9
07-Nov-06,-54.45
06-Nov-06,-51.2
03-Nov-06,-51.25
02-Nov-06,-51.2
01-Nov-06,-53
31-Oct-06,-54.9
30-Oct-06,-52
27-Oct-06,-51.9
26-Oct-06,-53.85
25-Oct-06,-54.1
24-Oct-06,-57.4
23-Oct-06,-59.15
20-Oct-06,-55.15
19-Oct-06,-56.6
18-Oct-06,-54.35
17-Oct-06,-56.1
16-Oct-06,-57.9
13-Oct-06,-59.75
12-Oct-06,-54.2
11-Oct-06,-54.2
10-Oct-06,-55.9
09-Oct-06,-57.35
06-Oct-06,-53.7
05-Oct-06,-53.4
04-Oct-06,-53.5
03-Oct-06,-55.2
02-Oct-06,-56.6
29-Sep-06,-53.35
28-Sep-06,-53
27-Sep-06,-53.35
26-Sep-06,-56
25-Sep-06,-53.75
22-Sep-06,-53.85
21-Sep-06,-53.75
20-Sep-06,-54.5
19-Sep-06,-58.15
18-Sep-06,-54.15
15-Sep-06,-54.45
14-Sep-06,-54.95
13-Sep-06,-57.95
12-Sep-06,-57.1
11-Sep-06,-55.85
08-Sep-06,-55.85
07-Sep-06,-55.5
06-Sep-06,-59.55
05-Sep-06,-60.85
04-Sep-06,-61.5
01-Sep-06,-55.35
31-Aug-06,-55.5
30-Aug-06,-57.15
29-Aug-06,-53.25
28-Aug-06,-53.4
25-Aug-06,-57.15
24-Aug-06,-57.1
23-Aug-06,-56.75
22-Aug-06,-56.7
21-Aug-06,-58.7
18-Aug-06,-57.15
17-Aug-06,-56.65
16-Aug-06,-57.3
15-Aug-06,-57.5
14-Aug-06,-59.7
11-Aug-06,-57.15
10-Aug-06,-57.05
09-Aug-06,-56.95
08-Aug-06,-59.9
07-Aug-06,-61.9
04-Aug-06,-58.05
03-Aug-06,-59.3
02-Aug-06,-59.9
01-Aug-06,-61.7
31-Jul-06,-64.2
28-Jul-06,-60.3
27-Jul-06,-59.05
26-Jul-06,-60.7
25-Jul-06,-61.5
24-Jul-06,-63.7
21-Jul-06,-61.1
20-Jul-06,-61.65
19-Jul-06,-61.75
18-Jul-06,-62.75
17-Jul-06,-64.75
14-Jul-06,-61.45
13-Jul-06,-61.85
12-Jul-06,-62.85
11-Jul-06,-64
10-Jul-06,-66.55
07-Jul-06,-62.25
06-Jul-06,-62.5
05-Jul-06,-62.95
04-Jul-06,-63
03-Jul-06,-62.3
30-Jun-06,-62.7
29-Jun-06,-62.9
28-Jun-06,-62.25
27-Jun-06,-63.7
26-Jun-06,-59.75
23-Jun-06,-59.9
22-Jun-06,-60.15
21-Jun-06,-60.75
20-Jun-06,-61.75
19-Jun-06,-60.85
16-Jun-06,-60
15-Jun-06,-60.05
14-Jun-06,-61
13-Jun-06,-63.2
12-Jun-06,-58.65
09-Jun-06,-58.1
08-Jun-06,-57.8
07-Jun-06,-58.75
06-Jun-06,-60.35
05-Jun-06,-60.25
02-Jun-06,-58.1
01-Jun-06,-60.55
31-May-06,-60.25
30-May-06,-58
29-May-06,-56.1
26-May-06,-58
25-May-06,-57.6
24-May-06,-57.2
23-May-06,-59.35
22-May-06,-61.05
19-May-06,-57.5
18-May-06,-57.25
17-May-06,-57.75
16-May-06,-57
15-May-06,-59.25
12-May-06,-56.95
11-May-06,-57.15
10-May-06,-57.55
09-May-06,-59.95
08-May-06,-62.25
05-May-06,-61.45
04-May-06,-57.8
03-May-06,-57.6
02-May-06,-59.25
01-May-06,-61.7
28-Apr-06,-61.5
27-Apr-06,-57.65
26-Apr-06,-60.95
25-Apr-06,-60.95
24-Apr-06,-55.2
21-Apr-06,-55.65
20-Apr-06,-55.55
19-Apr-06,-56.85
18-Apr-06,-58.7
17-Apr-06,-55.65
14-Apr-06,-56.35
13-Apr-06,-56.05
12-Apr-06,-57.5
11-Apr-06,-59
10-Apr-06,-54.9
07-Apr-06,-55.1
06-Apr-06,-54.1
05-Apr-06,-58.5
04-Apr-06,-58.95
03-Apr-06,-54.1
31-Mar-06,-54.25
30-Mar-06,-54.2
29-Mar-06,-51.7
28-Mar-06,-53.75
27-Mar-06,-55.15
24-Mar-06,-56.75
23-Mar-06,-56.95
22-Mar-06,-56.3
21-Mar-06,-57.7
20-Mar-06,-58.75
17-Mar-06,-55.1
16-Mar-06,-54.7
15-Mar-06,-56.9
14-Mar-06,-58.9
13-Mar-06,-61.25
10-Mar-06,-55.95
09-Mar-06,-55.55
08-Mar-06,-54.5
07-Mar-06,-56
06-Mar-06,-58.1
03-Mar-06,-54.05
02-Mar-06,-54.35
01-Mar-06,-54.3
28-Feb-06,-55.8
27-Feb-06,-57.65
24-Feb-06,-53.6
23-Feb-06,-47.55
22-Feb-06,-49.45
21-Feb-06,-49.3
20-Feb-06,-49
17-Feb-06,-48.8
16-Feb-06,-49.05
15-Feb-06,-48.7
14-Feb-06,-47.9
13-Feb-06,-47.55
10-Feb-06,-47.5
09-Feb-06,-47.5
08-Feb-06,-47
07-Feb-06,-47.5
06-Feb-06,-46.9
03-Feb-06,-46.5
02-Feb-06,-46.5
01-Feb-06,-46.5
31-Jan-06,-46.55
30-Jan-06,-46.5
27-Jan-06,-46
26-Jan-06,-47.25
25-Jan-06,-51.5
24-Jan-06,-51.8
23-Jan-06,-54
20-Jan-06,-50.3
19-Jan-06,-50
18-Jan-06,-51.6
17-Jan-06,-52.5
16-Jan-06,-54.5
13-Jan-06,-49.5
12-Jan-06,-48.9
11-Jan-06,-49.25
10-Jan-06,-49.95
09-Jan-06,-51.2
06-Jan-06,-48.2
05-Jan-06,-48.05
04-Jan-06,-48.5
03-Jan-06,-50.6
02-Jan-06,-51.9
30-Dec-05,-49
29-Dec-05,-49
28-Dec-05,-50
27-Dec-05,-50
26-Dec-05,-51.5
23-Dec-05,-51.5
22-Dec-05,-48.5
21-Dec-05,-48.69
20-Dec-05,-49.95
19-Dec-05,-50.91
16-Dec-05,-47.87
15-Dec-05,-48.3
14-Dec-05,-47.79
13-Dec-05,-52
12-Dec-05,-50.66
09-Dec-05,-48.39
08-Dec-05,-49.5
07-Dec-05,-47.86
06-Dec-05,-51
05-Dec-05,-51.5
02-Dec-05,-48.5
01-Dec-05,-47.43
30-Nov-05,-48.5
29-Nov-05,-49
28-Nov-05,-43.22
25-Nov-05,-43.95
24-Nov-05,-43.5
23-Nov-05,-45.5
22-Nov-05,-45.5
21-Nov-05,-42
18-Nov-05,-42.7
17-Nov-05,-42.5
16-Nov-05,-42
15-Nov-05,-43.5
14-Nov-05,-41.35
11-Nov-05,-41
10-Nov-05,-41.5
09-Nov-05,-42.5
08-Nov-05,-43.25
07-Nov-05,-40.5
04-Nov-05,-41.5
03-Nov-05,-40.55
02-Nov-05,-42.65
01-Nov-05,-44.5
31-Oct-05,-41.1
28-Oct-05,-40.8
27-Oct-05,-41
26-Oct-05,-44
25-Oct-05,-48.75
24-Oct-05,-50.5
21-Oct-05,-47
20-Oct-05,-48.5
19-Oct-05,-46.8
18-Oct-05,-47.5
17-Oct-05,-48.5
14-Oct-05,-45.5
13-Oct-05,-47.9
12-Oct-05,-45.1
11-Oct-05,-46.4
10-Oct-05,-46.5
07-Oct-05,-49
06-Oct-05,-49
05-Oct-05,-45
04-Oct-05,-47.5
03-Oct-05,-47
30-Sep-05,-43
29-Sep-05,-43
28-Sep-05,-43
27-Sep-05,-42.5
26-Sep-05,-44
23-Sep-05,-41
22-Sep-05,-41
21-Sep-05,-42
20-Sep-05,-43.25
19-Sep-05,-40
16-Sep-05,-39.5
15-Sep-05,-39.75
14-Sep-05,-41
13-Sep-05,-42
12-Sep-05,-39
09-Sep-05,-38.25
08-Sep-05,-37
07-Sep-05,-40
06-Sep-05,-41
05-Sep-05,-37
02-Sep-05,-37.5
01-Sep-05,-38.75
31-Aug-05,-40
30-Aug-05,-41
29-Aug-05,-38
26-Aug-05,-39
25-Aug-05,-39
24-Aug-05,-39
23-Aug-05,-39.5
22-Aug-05,-40.5
19-Aug-05,-38.25
18-Aug-05,-37.25
17-Aug-05,-37
16-Aug-05,-37.8
15-Aug-05,-39
12-Aug-05,-36.2
11-Aug-05,-36.25
10-Aug-05,-37
09-Aug-05,-38.75
08-Aug-05,-39.04
05-Aug-05,-36.5
04-Aug-05,-36
03-Aug-05,-38.3
02-Aug-05,-39
01-Aug-05,-40.5
29-Jul-05,-36.5
28-Jul-05,-36
27-Jul-05,-37
26-Jul-05,-37.25
25-Jul-05,-37
22-Jul-05,-35.25
21-Jul-05,-34.8
20-Jul-05,-35.25
19-Jul-05,-35.5
18-Jul-05,-36.25
15-Jul-05,-35.25
14-Jul-05,-35.05
13-Jul-05,-34.1
12-Jul-05,-35.5
11-Jul-05,-36.5
08-Jul-05,-35.1
07-Jul-05,-34.7
06-Jul-05,-34.5
05-Jul-05,-35
04-Jul-05,-35.25
01-Jul-05,-37.25
30-Jun-05,-35
29-Jun-05,-33.5
28-Jun-05,-31.8
27-Jun-05,-32.5
24-Jun-05,-32.25
23-Jun-05,-32.1
22-Jun-05,-32.5
21-Jun-05,-33.5
20-Jun-05,-30.5
17-Jun-05,-31
16-Jun-05,-30.05
15-Jun-05,-30.55
14-Jun-05,-31.9
13-Jun-05,-29
10-Jun-05,-29.5
09-Jun-05,-31.35
08-Jun-05,-30.35
07-Jun-05,-30.35
06-Jun-05,-28.4
03-Jun-05,-27.85
02-Jun-05,-29
01-Jun-05,-26.5
31-May-05,-32.35
30-May-05,-27.2
27-May-05,-26.25
26-May-05,-26.05
25-May-05,-27
24-May-05,-28.35
23-May-05,-28.95
20-May-05,-27
19-May-05,-26.9
18-May-05,-26.5
17-May-05,-27.5
16-May-05,-28
13-May-05,-26.35
12-May-05,-27.35
11-May-05,-26
10-May-05,-27
09-May-05,-27.8
06-May-05,-26.1
05-May-05,-27
04-May-05,-26.4
03-May-05,-27.3
02-May-05,-28
29-Apr-05,-26
28-Apr-05,-25.5
27-Apr-05,-21.5
26-Apr-05,-22
25-Apr-05,-20
22-Apr-05,-19.5
21-Apr-05,-19.5
20-Apr-05,-19.15
19-Apr-05,-19.5
18-Apr-05,-18.65
15-Apr-05,-18
14-Apr-05,-18
13-Apr-05,-18.5
12-Apr-05,-18.5
11-Apr-05,-17
08-Apr-05,-17
07-Apr-05,-16.35
06-Apr-05,-17
05-Apr-05,-17.5
04-Apr-05,-16
01-Apr-05,-15.5
31-Mar-05,-16
30-Mar-05,-16
29-Mar-05,-13.85
28-Mar-05,-13.5
25-Mar-05,-15.5
24-Mar-05,-14
23-Mar-05,-14.3
22-Mar-05,-14.65
21-Mar-05,-14.7
18-Mar-05,-13.5
17-Mar-05,-13.7
16-Mar-05,-12.5
15-Mar-05,-13.5
14-Mar-05,-14
11-Mar-05,-12.6
10-Mar-05,-12.5
09-Mar-05,-14.35
08-Mar-05,-11
07-Mar-05,-10
04-Mar-05,-9.65
03-Mar-05,-9.5
02-Mar-05,-9.25
01-Mar-05,-9.5
28-Feb-05,-9.45
25-Feb-05,-8.05
24-Feb-05,-7.95
23-Feb-05,-7
22-Feb-05,-6.4
21-Feb-05,-6.1
18-Feb-05,-6.15
17-Feb-05,-6.1
16-Feb-05,-5.9
15-Feb-05,-5.9
14-Feb-05,-5.9
11-Feb-05,-5.75
10-Feb-05,-6.75
09-Feb-05,-6
08-Feb-05,-6.5
07-Feb-05,-6.15
04-Feb-05,-6.1
03-Feb-05,-6
02-Feb-05,-6.05
01-Feb-05,-5.5
31-Jan-05,-5.05
28-Jan-05,-6.05
27-Jan-05,-5.05
26-Jan-05,-1.05
25-Jan-05,-0.05
24-Jan-05,0
21-Jan-05,0.35
20-Jan-05,0.3
19-Jan-05,0.4
18-Jan-05,0.65
17-Jan-05,1
14-Jan-05,2
13-Jan-05,1.15
12-Jan-05,1
11-Jan-05,1.6
10-Jan-05,2
07-Jan-05,1.65
06-Jan-05,1.75
05-Jan-05,2.3
04-Jan-05,2
03-Jan-05,2.25
31-Dec-04,2
30-Dec-04,2
29-Dec-04,0.8
28-Dec-04,1.7
27-Dec-04,1.9
24-Dec-04,2.15
23-Dec-04,2.3
22-Dec-04,2.15
21-Dec-04,2.1
20-Dec-04,2.1
17-Dec-04,2
16-Dec-04,2.1
15-Dec-04,2.2
14-Dec-04,2
13-Dec-04,2.55
10-Dec-04,2.6
09-Dec-04,2.6
08-Dec-04,2.9
07-Dec-04,3.15
06-Dec-04,2.95
03-Dec-04,2.95
02-Dec-04,4
01-Dec-04,4.5
30-Nov-04,4.5
29-Nov-04,4.75
26-Nov-04,6.5
25-Nov-04,6.5
24-Nov-04,7
23-Nov-04,7.1
22-Nov-04,7.95
19-Nov-04,7
18-Nov-04,7.6
17-Nov-04,8.35
16-Nov-04,8.9
15-Nov-04,8.5
12-Nov-04,8.65
11-Nov-04,8.7
10-Nov-04,9.05
09-Nov-04,9.2
08-Nov-04,8.75
05-Nov-04,9.1
04-Nov-04,9.7
03-Nov-04,10.45
02-Nov-04,11
01-Nov-04,10.5
29-Oct-04,11
28-Oct-04,11.5
27-Oct-04,11.5
26-Oct-04,13
25-Oct-04,13.2
22-Oct-04,13
21-Oct-04,13
20-Oct-04,13
19-Oct-04,13.5
18-Oct-04,14.25
15-Oct-04,13.7
14-Oct-04,13.5
13-Oct-04,14.5
12-Oct-04,14.6
11-Oct-04,14.5
08-Oct-04,14.5
07-Oct-04,15
06-Oct-04,15.75
05-Oct-04,16
04-Oct-04,15
01-Oct-04,16
30-Sep-04,16
29-Sep-04,17
28-Sep-04,16
27-Sep-04,16
24-Sep-04,16
23-Sep-04,15
22-Sep-04,16
21-Sep-04,16
20-Sep-04,16
17-Sep-04,16.25
16-Sep-04,17
15-Sep-04,17.85
14-Sep-04,18
13-Sep-04,17.45
10-Sep-04,18
09-Sep-04,17.55
08-Sep-04,19.5
07-Sep-04,20
06-Sep-04,18.5
03-Sep-04,19
02-Sep-04,19
01-Sep-04,19.9
31-Aug-04,21.3
30-Aug-04,20.2
27-Aug-04,20.05
26-Aug-04,20.8
25-Aug-04,19.05
24-Aug-04,19.5
23-Aug-04,20.9
20-Aug-04,19
19-Aug-04,19.5
18-Aug-04,19.5
17-Aug-04,19.5
16-Aug-04,19.5
13-Aug-04,18
12-Aug-04,17.8
11-Aug-04,18
10-Aug-04,17.5
09-Aug-04,18
06-Aug-04,17.3
05-Aug-04,17.25
04-Aug-04,18
03-Aug-04,19.5
02-Aug-04,19.6
30-Jul-04,18.8
29-Jul-04,18
28-Jul-04,20
27-Jul-04,20
26-Jul-04,19.88
23-Jul-04,19.8
22-Jul-04,19.55
21-Jul-04,19.9
20-Jul-04,20.5
19-Jul-04,20.45
16-Jul-04,19.3
15-Jul-04,19.8
14-Jul-04,20.3
13-Jul-04,20
12-Jul-04,21.75
09-Jul-04,20.65
08-Jul-04,20.7
07-Jul-04,20.75
06-Jul-04,22
05-Jul-04,22
02-Jul-04,21.6
01-Jul-04,22.5
30-Jun-04,20.35
29-Jun-04,21.75
28-Jun-04,20.55
25-Jun-04,20.55
24-Jun-04,20.75
23-Jun-04,18.35
22-Jun-04,18.5
21-Jun-04,17.6
18-Jun-04,17.85
17-Jun-04,18.15
16-Jun-04,18.35
15-Jun-04,19.05
14-Jun-04,17.8
11-Jun-04,18.35
10-Jun-04,18.95
09-Jun-04,20.8
08-Jun-04,22
07-Jun-04,20.3
04-Jun-04,20.55
03-Jun-04,20.25
02-Jun-04,22.65
01-Jun-04,23.4
31-May-04,21.3
28-May-04,21.25
27-May-04,21.6
26-May-04,24.2
25-May-04,23
24-May-04,23.95
21-May-04,22.55
20-May-04,22.6
19-May-04,22.4
18-May-04,23
17-May-04,24.5
14-May-04,22.9
13-May-04,23
12-May-04,22.5
11-May-04,23.35
10-May-04,24.05
07-May-04,22.95
06-May-04,22.35
05-May-04,22
04-May-04,22.75
03-May-04,23.9
30-Apr-04,22
29-Apr-04,22.15
28-Apr-04,20.5
27-Apr-04,21
26-Apr-04,21.7
23-Apr-04,22
22-Apr-04,21.65
21-Apr-04,22.65
20-Apr-04,23.55
19-Apr-04,21.75
16-Apr-04,21.7
15-Apr-04,21.65
14-Apr-04,22.1
13-Apr-04,22.7
12-Apr-04,21.25
09-Apr-04,21.2
08-Apr-04,21.35
07-Apr-04,22
06-Apr-04,22.75
05-Apr-04,21.55
02-Apr-04,21.6
01-Apr-04,21
31-Mar-04,22
30-Mar-04,23
29-Mar-04,21.75
26-Mar-04,22.35
25-Mar-04,22.25
24-Mar-04,22.25
23-Mar-04,22.8
22-Mar-04,23.6
19-Mar-04,22.3
18-Mar-04,23
17-Mar-04,22.5
16-Mar-04,23.5
15-Mar-04,23.6
12-Mar-04,22.2
11-Mar-04,22.05
10-Mar-04,23.05
09-Mar-04,23.45
08-Mar-04,23.6
05-Mar-04,21.35
04-Mar-04,21.75
03-Mar-04,22
02-Mar-04,22.5
01-Mar-04,22.4
27-Feb-04,21.05
26-Feb-04,21.05
25-Feb-04,22.25
24-Feb-04,19
23-Feb-04,19.5
20-Feb-04,19.8
19-Feb-04,19.65
18-Feb-04,21
17-Feb-04,19.4
16-Feb-04,20
13-Feb-04,20
12-Feb-04,19.4
11-Feb-04,21
10-Feb-04,19.3
09-Feb-04,19.5
06-Feb-04,19.3
05-Feb-04,19.7
04-Feb-04,20.65
03-Feb-04,19.4
02-Feb-04,19.5
30-Jan-04,19.4
29-Jan-04,19.45
28-Jan-04,18.5
27-Jan-04,19
26-Jan-04,20
23-Jan-04,20.3
22-Jan-04,19.95
21-Jan-04,20.05
20-Jan-04,20.8
19-Jan-04,21.5
16-Jan-04,19.75
15-Jan-04,20.5
14-Jan-04,20
13-Jan-04,20.35
12-Jan-04,21.05
09-Jan-04,19.15
08-Jan-04,18.9
07-Jan-04,19.55
06-Jan-04,19.9
05-Jan-04,21
02-Jan-04,19.55
31-Dec-03,19.65
30-Dec-03,19.7
29-Dec-03,18.5
26-Dec-03,19.5
24-Dec-03,19.5
23-Dec-03,19.5
22-Dec-03,19.3
19-Dec-03,19.1
18-Dec-03,18.9
17-Dec-03,19.85
16-Dec-03,20.45
15-Dec-03,21.3
12-Dec-03,19.5
11-Dec-03,20
10-Dec-03,19.4
09-Dec-03,19.95
08-Dec-03,20.55
05-Dec-03,19.7
04-Dec-03,19.8
03-Dec-03,20
02-Dec-03,20.15
01-Dec-03,19.8
28-Nov-03,20
27-Nov-03,20.8
26-Nov-03,20.9
25-Nov-03,23.1
24-Nov-03,23.5
21-Nov-03,23.65
20-Nov-03,24.45
19-Nov-03,21.7
18-Nov-03,22.2
17-Nov-03,21
14-Nov-03,21.05
13-Nov-03,21.2
12-Nov-03,21.95
11-Nov-03,22.95
10-Nov-03,20.8
07-Nov-03,21.5
06-Nov-03,21.65
05-Nov-03,22.25
04-Nov-03,22.65
03-Nov-03,21.3
31-Oct-03,21
30-Oct-03,20.95
29-Oct-03,19.55
28-Oct-03,20.2
27-Oct-03,20.15
24-Oct-03,20.5
23-Oct-03,20.4
22-Oct-03,21.05
21-Oct-03,22.05
20-Oct-03,22.65
17-Oct-03,21.2
16-Oct-03,21.3
15-Oct-03,22
14-Oct-03,22.55
13-Oct-03,23.4
10-Oct-03,21.5
09-Oct-03,21.2
08-Oct-03,21.05
07-Oct-03,22
06-Oct-03,22.55
03-Oct-03,21.4
02-Oct-03,21.2
01-Oct-03,21.2
30-Sep-03,21.95
29-Sep-03,22.7
26-Sep-03,21.65
25-Sep-03,20.9
24-Sep-03,21.95
23-Sep-03,22.55
22-Sep-03,21.2
19-Sep-03,21.6
18-Sep-03,22.05
17-Sep-03,23
16-Sep-03,23.9
15-Sep-03,22.25
12-Sep-03,22.2
11-Sep-03,22.25
10-Sep-03,23.95
09-Sep-03,24.55
08-Sep-03,22.7
05-Sep-03,22.25
04-Sep-03,22.35
03-Sep-03,23.2
02-Sep-03,24.3
01-Sep-03,22.45
29-Aug-03,21.65
28-Aug-03,22.75
27-Aug-03,24.4
26-Aug-03,24.6
25-Aug-03,24.5
22-Aug-03,23.9
21-Aug-03,24.05
20-Aug-03,23.65
19-Aug-03,24.4
18-Aug-03,25
15-Aug-03,22.8
14-Aug-03,23.05
13-Aug-03,22.7
12-Aug-03,23.6
11-Aug-03,24.3
08-Aug-03,22.95
07-Aug-03,22.8
06-Aug-03,22.9
05-Aug-03,23.45
04-Aug-03,24.5
01-Aug-03,22.95
31-Jul-03,23.45
30-Jul-03,29.2
29-Jul-03,26.05
28-Jul-03,26.9
25-Jul-03,27.65
24-Jul-03,27.85
23-Jul-03,27.85
22-Jul-03,29.1
21-Jul-03,29.65
18-Jul-03,27.95
17-Jul-03,28.05
16-Jul-03,28.4
15-Jul-03,29.15
14-Jul-03,29.65
11-Jul-03,27.85
10-Jul-03,27.4
09-Jul-03,27.4
08-Jul-03,28.2
07-Jul-03,29.15
04-Jul-03,27
03-Jul-03,26.1
02-Jul-03,26.6
01-Jul-03,27.4
30-Jun-03,27.9
27-Jun-03,26.4
26-Jun-03,26.85
25-Jun-03,29.1
24-Jun-03,32.5
23-Jun-03,29.9
20-Jun-03,30.05
19-Jun-03,29.35
18-Jun-03,29
17-Jun-03,30
13-Jun-03,26.95
12-Jun-03,26.7
11-Jun-03,26.45
10-Jun-03,27.75
09-Jun-03,25.6
06-Jun-03,25.75
05-Jun-03,25.35
04-Jun-03,26.1
03-Jun-03,26.25
02-Jun-03,27.05
30-May-03,24.95
29-May-03,25.25
28-May-03,25.5
27-May-03,26.85
26-May-03,26.5
23-May-03,25.2
22-May-03,26.4
21-May-03,26.8
20-May-03,27
19-May-03,28.45
16-May-03,26.7
15-May-03,27.1
14-May-03,27.05
13-May-03,27.85
12-May-03,28.6
09-May-03,27.4
07-May-03,27.5
06-May-03,27.45
05-May-03,29.4
02-May-03,27.95
01-May-03,28.5
30-Apr-03,28.15
29-Apr-03,28.15
28-Apr-03,27.45
25-Apr-03,28.2
24-Apr-03,27.5
23-Apr-03,29.25
22-Apr-03,30
18-Apr-03,27.4
17-Apr-03,27.3
16-Apr-03,28.5
15-Apr-03,29.35
14-Apr-03,27.5
11-Apr-03,28.1
10-Apr-03,27
09-Apr-03,28.8
08-Apr-03,29.65
07-Apr-03,28
04-Apr-03,29.1
03-Apr-03,28.5
02-Apr-03,29.1
01-Apr-03,32
31-Mar-03,27.85
28-Mar-03,29.1
27-Mar-03,28
26-Mar-03,29.2
25-Mar-03,30.15
24-Mar-03,30
21-Mar-03,29.45
20-Mar-03,29.3
19-Mar-03,30
18-Mar-03,32.1
17-Mar-03,32.65
14-Mar-03,29.1
13-Mar-03,29
12-Mar-03,29.9
11-Mar-03,30.8
10-Mar-03,30.65
07-Mar-03,28
06-Mar-03,28
05-Mar-03,29.5
04-Mar-03,30
03-Mar-03,30.35
28-Feb-03,28.9
27-Feb-03,28.9
26-Feb-03,26.05
25-Feb-03,26
24-Feb-03,25.85
21-Feb-03,25.8
20-Feb-03,25.7
19-Feb-03,25.8
18-Feb-03,26.35
17-Feb-03,26.2
14-Feb-03,26.1
13-Feb-03,26
12-Feb-03,26.3
11-Feb-03,26.5
10-Feb-03,26.6
07-Feb-03,26.7
06-Feb-03,26
05-Feb-03,27.5
04-Feb-03,26.7
03-Feb-03,27.2
31-Jan-03,27.3
30-Jan-03,28
29-Jan-03,32.5
28-Jan-03,32.65
27-Jan-03,32.5
24-Jan-03,35
23-Jan-03,34.5
22-Jan-03,35.25
21-Jan-03,38.5
20-Jan-03,37.5
17-Jan-03,36.95
16-Jan-03,35.1
15-Jan-03,36.35
14-Jan-03,40
13-Jan-03,39.2
10-Jan-03,35.75
09-Jan-03,35.45
08-Jan-03,35.65
07-Jan-03,36.5
06-Jan-03,37.2
03-Jan-03,34.95
02-Jan-03,35.1
31-Dec-02,34.65
30-Dec-02,35.65
27-Dec-02,34
26-Dec-02,34.05
25-Dec-02,34.15
24-Dec-02,34.15
23-Dec-02,34.45
20-Dec-02,32
19-Dec-02,34.45
18-Dec-02,31.7
17-Dec-02,33.1
16-Dec-02,34
13-Dec-02,31.25
12-Dec-02,31.45
11-Dec-02,32.5
10-Dec-02,35
09-Dec-02,36.75
06-Dec-02,34.5
05-Dec-02,35.05
04-Dec-02,34.95
03-Dec-02,36.4
02-Dec-02,37.95
29-Nov-02,35.4
28-Nov-02,35.55
27-Nov-02,38.9
26-Nov-02,37.7
25-Nov-02,36.45
22-Nov-02,37.15
21-Nov-02,38.1
20-Nov-02,36.75
19-Nov-02,37.5
18-Nov-02,34.75
15-Nov-02,34.9
14-Nov-02,35.05
13-Nov-02,36.5
12-Nov-02,37.75
11-Nov-02,35.5
08-Nov-02,35.5
07-Nov-02,35.25
06-Nov-02,30.85
05-Nov-02,31
04-Nov-02,28.85
01-Nov-02,28.4
31-Oct-02,27.9
30-Oct-02,27
29-Oct-02,25
28-Oct-02,29.35
25-Oct-02,28.65
24-Oct-02,29
23-Oct-02,27.5
22-Oct-02,29.2
21-Oct-02,30.35
18-Oct-02,30
17-Oct-02,30
16-Oct-02,30.15
15-Oct-02,31
14-Oct-02,32.25
11-Oct-02,31.1
10-Oct-02,32
09-Oct-02,32
08-Oct-02,32.6
07-Oct-02,33.75
04-Oct-02,32
03-Oct-02,30.95
02-Oct-02,30.75
01-Oct-02,32.05
30-Sep-02,32.6
27-Sep-02,31
26-Sep-02,31.05
25-Sep-02,31.45
24-Sep-02,32.65
23-Sep-02,30.3
20-Sep-02,29.8
19-Sep-02,30.1
18-Sep-02,31.4
17-Sep-02,32.8
16-Sep-02,30.95
13-Sep-02,31
12-Sep-02,30.5
11-Sep-02,32.65
10-Sep-02,33.85
09-Sep-02,30.7
06-Sep-02,30.5
05-Sep-02,31
04-Sep-02,31.85
03-Sep-02,32.5
02-Sep-02,30.6
30-Aug-02,31
29-Aug-02,30.85
28-Aug-02,34
27-Aug-02,33.9
26-Aug-02,35.15
23-Aug-02,33.25
22-Aug-02,33.6
21-Aug-02,34.5
20-Aug-02,34.6
19-Aug-02,35.95
16-Aug-02,36
15-Aug-02,36.5
14-Aug-02,39.5
13-Aug-02,35.55
12-Aug-02,36.3
09-Aug-02,35
08-Aug-02,34.3
07-Aug-02,34.5
06-Aug-02,35.1
05-Aug-02,35.85
02-Aug-02,33.45
01-Aug-02,32.85
31-Jul-02,34.1
30-Jul-02,35.1
29-Jul-02,36.65
26-Jul-02,32.85
25-Jul-02,33.5
24-Jul-02,42
23-Jul-02,43.5
22-Jul-02,44.2
19-Jul-02,41.3
18-Jul-02,41.65
17-Jul-02,40.5
16-Jul-02,42.65
15-Jul-02,44.05
12-Jul-02,42.05
11-Jul-02,42.05
10-Jul-02,42.85
09-Jul-02,44.5
08-Jul-02,48.5
05-Jul-02,46.85
04-Jul-02,46.4
03-Jul-02,45.95
02-Jul-02,45.35
01-Jul-02,48
28-Jun-02,48.3
27-Jun-02,49.45
26-Jun-02,49.7
25-Jun-02,51.7
21-Jun-02,50.7
20-Jun-02,51.15
19-Jun-02,53.55
18-Jun-02,55.8
17-Jun-02,52.45
14-Jun-02,53.5
13-Jun-02,52.35
12-Jun-02,54.05
11-Jun-02,55.7
10-Jun-02,52.25
07-Jun-02,52.45
06-Jun-02,52.35
05-Jun-02,54.4
04-Jun-02,55.3
03-Jun-02,57.15
31-May-02,59
30-May-02,52.55
29-May-02,54.8
28-May-02,56.75
27-May-02,59.5
24-May-02,55.5
23-May-02,56
22-May-02,55.8
21-May-02,58.05
20-May-02,59.55
17-May-02,55.5
16-May-02,55.5
15-May-02,55.5
14-May-02,58
13-May-02,59
10-May-02,56
09-May-02,56.5
08-May-02,56
07-May-02,56.5
06-May-02,59
03-May-02,56
02-May-02,57
01-May-02,58
30-Apr-02,58.5
29-Apr-02,59
26-Apr-02,56.5
25-Apr-02,56.5
24-Apr-02,73
23-Apr-02,75
22-Apr-02,68.5
19-Apr-02,68.5
18-Apr-02,68.5
17-Apr-02,71
16-Apr-02,74
15-Apr-02,68.5
12-Apr-02,68
11-Apr-02,69
10-Apr-02,70.5
09-Apr-02,74
08-Apr-02,70.5
05-Apr-02,70.5
04-Apr-02,73
03-Apr-02,74.5
02-Apr-02,76.5
29-Mar-02,71
28-Mar-02,71
27-Mar-02,75
26-Mar-02,75
25-Mar-02,77
22-Mar-02,73
21-Mar-02,73
20-Mar-02,73.5
19-Mar-02,75.5
18-Mar-02,78
15-Mar-02,73.5
14-Mar-02,73.5
13-Mar-02,76
12-Mar-02,76.5
11-Mar-02,79
08-Mar-02,74
07-Mar-02,74.5
06-Mar-02,74.5
05-Mar-02,78
04-Mar-02,80
01-Mar-02,75
28-Feb-02,76
27-Feb-02,79
26-Feb-02,69.5
25-Feb-02,69
22-Feb-02,69
21-Feb-02,69.5
20-Feb-02,68.5
19-Feb-02,69
18-Feb-02,68
15-Feb-02,68.5
14-Feb-02,68
13-Feb-02,68
12-Feb-02,69
11-Feb-02,72
08-Feb-02,70
07-Feb-02,71
06-Feb-02,-0.95
05-Feb-02,72.5
04-Feb-02,69
01-Feb-02,72.5
31-Jan-02,71.5
30-Jan-02,73
29-Jan-02,78
28-Jan-02,78.5
25-Jan-02,82
24-Jan-02,85.5
23-Jan-02,87
22-Jan-02,88
21-Jan-02,90
18-Jan-02,98.5
17-Jan-02,94
16-Jan-02,94.5
15-Jan-02,100
14-Jan-02,99
11-Jan-02,91
10-Jan-02,91.5
09-Jan-02,91
08-Jan-02,93.5
07-Jan-02,97
04-Jan-02,88.5
03-Jan-02,88
02-Jan-02,87
31-Dec-01,91
28-Dec-01,94.5
27-Dec-01,89
24-Dec-01,87
21-Dec-01,86
20-Dec-01,90
19-Dec-01,84.5
18-Dec-01,88.5
17-Dec-01,94
14-Dec-01,88
13-Dec-01,90
12-Dec-01,90
11-Dec-01,94.5
10-Dec-01,98.5
07-Dec-01,91
06-Dec-01,87.5
05-Dec-01,87
04-Dec-01,88.5
03-Dec-01,93
30-Nov-01,86
29-Nov-01,83.5
28-Nov-01,99.5
27-Nov-01,101.5
26-Nov-01,96.5
23-Nov-01,98
22-Nov-01,101
21-Nov-01,109.5
20-Nov-01,110.5
19-Nov-01,98.5
16-Nov-01,98
15-Nov-01,97.5
14-Nov-01,101
13-Nov-01,104.5
12-Nov-01,96
09-Nov-01,96
08-Nov-01,96.5
07-Nov-01,99.5
06-Nov-01,102
05-Nov-01,93
02-Nov-01,90.5
01-Nov-01,89.5
31-Oct-01,96
30-Oct-01,96.5
29-Oct-01,91.5
26-Oct-01,96.5
25-Oct-01,94
24-Oct-01,96.5
23-Oct-01,95.5
22-Oct-01,97.5
19-Oct-01,92
18-Oct-01,92.5
17-Oct-01,89
16-Oct-01,92
15-Oct-01,94.5
12-Oct-01,88
11-Oct-01,88.5
10-Oct-01,91.5
09-Oct-01,94
08-Oct-01,96
05-Oct-01,89.5
04-Oct-01,88.5
03-Oct-01,86.5
02-Oct-01,87.5
01-Oct-01,90
28-Sep-01,86.5
27-Sep-01,84
26-Sep-01,88.5
25-Sep-01,92.5
24-Sep-01,81.5
21-Sep-01,82.5
20-Sep-01,84
19-Sep-01,83
18-Sep-01,77
17-Sep-01,67.5
14-Sep-01,57.5
13-Sep-01,55
12-Sep-01,64
11-Sep-01,65.5
10-Sep-01,57.5
07-Sep-01,58.5
06-Sep-01,56
05-Sep-01,60
04-Sep-01,61.2
03-Sep-01,54.5
31-Aug-01,55
30-Aug-01,55.5
29-Aug-01,62
28-Aug-01,60
27-Aug-01,55
24-Aug-01,56.5
23-Aug-01,57.5
22-Aug-01,56.5
21-Aug-01,60
20-Aug-01,63
17-Aug-01,59.5
16-Aug-01,62.5
15-Aug-01,59.5
14-Aug-01,60
13-Aug-01,63.5
10-Aug-01,61.5
09-Aug-01,61
08-Aug-01,60
07-Aug-01,58
06-Aug-01,57
03-Aug-01,54
02-Aug-01,56
01-Aug-01,56
31-Jul-01,56.5
30-Jul-01,56.5
27-Jul-01,51
26-Jul-01,53
25-Jul-01,47
24-Jul-01,49.5
23-Jul-01,49.5
20-Jul-01,46.5
19-Jul-01,46
18-Jul-01,47.5
17-Jul-01,47.5
16-Jul-01,46.5
13-Jul-01,45.5
12-Jul-01,45.5
11-Jul-01,47.5
10-Jul-01,45.5
09-Jul-01,49
06-Jul-01,43
05-Jul-01,42
04-Jul-01,41.7
03-Jul-01,40.5
02-Jul-01,41.75
29-Jun-01,42
28-Jun-01,42
27-Jun-01,45.5
26-Jun-01,47
25-Jun-01,44
22-Jun-01,43.5
21-Jun-01,44.5
20-Jun-01,44
19-Jun-01,44
18-Jun-01,41.2
15-Jun-01,38.5
14-Jun-01,36.5
13-Jun-01,38.5
12-Jun-01,39.5
11-Jun-01,37
08-Jun-01,37
07-Jun-01,35.5
06-Jun-01,36
05-Jun-01,36
04-Jun-01,38
01-Jun-01,37.5
31-May-01,39.5
30-May-01,32.5
29-May-01,35
28-May-01,31.5
25-May-01,32.5
24-May-01,33
23-May-01,32.5
22-May-01,32.5
21-May-01,34
18-May-01,32.75
17-May-01,31.5
16-May-01,31
15-May-01,31.5
14-May-01,32
11-May-01,28.5
10-May-01,30.5
09-May-01,29.5
08-May-01,29.5
07-May-01,28.5
04-May-01,23.5
03-May-01,23
02-May-01,21
01-May-01,20
30-Apr-01,20
27-Apr-01,20
26-Apr-01,17
25-Apr-01,20.5
24-Apr-01,18.5
23-Apr-01,16
20-Apr-01,16
19-Apr-01,14.5
18-Apr-01,6.75
17-Apr-01,-2
13-Apr-01,0
12-Apr-01,0
11-Apr-01,12.5
10-Apr-01,2
09-Apr-01,-2
06-Apr-01,1.5
05-Apr-01,-2
04-Apr-01,-2.8
03-Apr-01,-2.5
02-Apr-01,-2
30-Mar-01,-3.5
29-Mar-01,-3.5
28-Mar-01,-7
27-Mar-01,-4.5
26-Mar-01,-3.5
23-Mar-01,-1.5
22-Mar-01,-1
21-Mar-01,-1
20-Mar-01,1.5
19-Mar-01,2.5
16-Mar-01,3.5
15-Mar-01,1
14-Mar-01,-1
13-Mar-01,-2
12-Mar-01,-5
09-Mar-01,-7
08-Mar-01,-6.5
07-Mar-01,-7.5
06-Mar-01,-9
05-Mar-01,-8.5
02-Mar-01,4.5
01-Mar-01,-7
28-Feb-01,-8.5
27-Feb-01,-0.07
26-Feb-01,-8
23-Feb-01,7.5
22-Feb-01,10
21-Feb-01,-7
20-Feb-01,-8.2
19-Feb-01,-7.5
16-Feb-01,-8.25
15-Feb-01,-7.5
14-Feb-01,-8.5
13-Feb-01,-8.5
12-Feb-01,-7.5
09-Feb-01,-8.5
08-Feb-01,-8.7
07-Feb-01,-8.3
06-Feb-01,-8.9
05-Feb-01,-7
02-Feb-01,-7
01-Feb-01,-8
31-Jan-01,-13.5
30-Jan-01,-8.5
29-Jan-01,-9.5
26-Jan-01,-11
25-Jan-01,-15.5
24-Jan-01,-14.5
23-Jan-01,-13
22-Jan-01,-12.5
19-Jan-01,-14.5
18-Jan-01,-16.5
17-Jan-01,-19.5
16-Jan-01,-20.5
15-Jan-01,-21
12-Jan-01,-18.25
11-Jan-01,-18
10-Jan-01,-18.5
09-Jan-01,-19.5
08-Jan-01,-17
05-Jan-01,-19.5
04-Jan-01,-22.25
03-Jan-01,-37.5
02-Jan-01,-40.5
29-Dec-00,-47
28-Dec-00,-40.5
27-Dec-00,-42.5
26-Dec-00,-44.5
22-Dec-00,-44.5
21-Dec-00,-44.5
20-Dec-00,-42.5
19-Dec-00,-45
18-Dec-00,-47.5
15-Dec-00,-44.5
14-Dec-00,-43.5
13-Dec-00,-48.5
12-Dec-00,-50.5
11-Dec-00,-50.5
08-Dec-00,-46.5
07-Dec-00,-46.25
06-Dec-00,-49
05-Dec-00,-49
04-Dec-00,-52.5
01-Dec-00,-48.5
30-Nov-00,-48.5
29-Nov-00,-52
28-Nov-00,-47
27-Nov-00,-42.5
24-Nov-00,-42.5
23-Nov-00,-42.5
22-Nov-00,-47.25
21-Nov-00,-48
20-Nov-00,-42.5
17-Nov-00,-44
16-Nov-00,-42
15-Nov-00,-43.5
14-Nov-00,-46
13-Nov-00,-43
10-Nov-00,-43
09-Nov-00,-43.5
08-Nov-00,-43.5
07-Nov-00,-46.5
06-Nov-00,-42.5
03-Nov-00,-45.5
02-Nov-00,-43.5
01-Nov-00,-47
31-Oct-00,-47
30-Oct-00,-45
27-Oct-00,-43.5
26-Oct-00,-45.5
25-Oct-00,-45
24-Oct-00,-47.5
23-Oct-00,-48.5
20-Oct-00,0
19-Oct-00,-47
18-Oct-00,-46.5
17-Oct-00,-47
16-Oct-00,-49
13-Oct-00,-45
12-Oct-00,-44
11-Oct-00,-43
10-Oct-00,-46.5
09-Oct-00,-47
06-Oct-00,-48.5
05-Oct-00,-44.75
04-Oct-00,-45.5
03-Oct-00,-46.5
02-Oct-00,-47
29-Sep-00,-45
28-Sep-00,-44.5
27-Sep-00,-44.5
26-Sep-00,-47.75
25-Sep-00,-43.5
22-Sep-00,-43.75
21-Sep-00,-43.5
20-Sep-00,-47.5
19-Sep-00,-47
18-Sep-00,-44.5
15-Sep-00,-44
14-Sep-00,-45.25
13-Sep-00,-46
12-Sep-00,-47.5
11-Sep-00,-43.5
08-Sep-00,-44.5
07-Sep-00,-44
06-Sep-00,-46.5
05-Sep-00,-46.5
04-Sep-00,-43
01-Sep-00,-43
31-Aug-00,-43
30-Aug-00,-44
29-Aug-00,-45.5
28-Aug-00,-45
25-Aug-00,-44.5
24-Aug-00,-45
23-Aug-00,-44
22-Aug-00,-44
21-Aug-00,-45
18-Aug-00,-42.5
17-Aug-00,-42.5
16-Aug-00,-43.5
15-Aug-00,-44.5
14-Aug-00,-45.5
11-Aug-00,-44
10-Aug-00,-43
09-Aug-00,-44
08-Aug-00,-44
07-Aug-00,-46
04-Aug-00,-43.5
03-Aug-00,-42.5
02-Aug-00,-44.5
01-Aug-00,-46.5
31-Jul-00,-47.5
28-Jul-00,-43
27-Jul-00,-42.5
26-Jul-00,-42
25-Jul-00,-44
24-Jul-00,-44.5
21-Jul-00,-43
20-Jul-00,-43.5
19-Jul-00,-43
18-Jul-00,-45.5
17-Jul-00,-46
14-Jul-00,-43
13-Jul-00,-42
12-Jul-00,-42
11-Jul-00,-43
10-Jul-00,-44
07-Jul-00,-41.5
06-Jul-00,-42
05-Jul-00,-42.5
04-Jul-00,-43.5
03-Jul-00,-43.5
30-Jun-00,-43.5
29-Jun-00,-44
28-Jun-00,-43
27-Jun-00,-46
26-Jun-00,-43
23-Jun-00,-44
22-Jun-00,-43.5
21-Jun-00,-43
20-Jun-00,-44.25
19-Jun-00,-42.5
16-Jun-00,-42
15-Jun-00,-43.5
14-Jun-00,-43
13-Jun-00,-45.5
12-Jun-00,-43
09-Jun-00,-43
08-Jun-00,-43
07-Jun-00,-44
06-Jun-00,-45.5
05-Jun-00,-42.8
02-Jun-00,-45.5
01-Jun-00,-47
31-May-00,-46.3
30-May-00,-47
29-May-00,-43
26-May-00,-45.25
25-May-00,-45.5
24-May-00,-45.5
23-May-00,-48
22-May-00,-48.8
19-May-00,-46.4
18-May-00,-46.5
17-May-00,-47
16-May-00,-46.5
15-May-00,-47
12-May-00,-44.5
11-May-00,-43
10-May-00,-43.5
09-May-00,-42
08-May-00,-44.5
05-May-00,-44.5
04-May-00,-42.5
03-May-00,-38
02-May-00,-38.5
01-May-00,-31.5
28-Apr-00,-38
27-Apr-00,-32.75
26-Apr-00,-32.5
25-Apr-00,-32
24-Apr-00,-28
20-Apr-00,-27.5
19-Apr-00,-28
18-Apr-00,-27.5
17-Apr-00,-26.5
14-Apr-00,-27
13-Apr-00,-27
12-Apr-00,-26.5
11-Apr-00,-27.5
10-Apr-00,-26.3
07-Apr-00,-26.5
06-Apr-00,-26.7
05-Apr-00,-27.3
04-Apr-00,-29.5
03-Apr-00,-27
31-Mar-00,-28
30-Mar-00,-27
29-Mar-00,-24.5
28-Mar-00,-25.75
27-Mar-00,-26.3
24-Mar-00,-27
23-Mar-00,-26.5
22-Mar-00,-28
21-Mar-00,-26.5
20-Mar-00,-27.5
17-Mar-00,-25.1
16-Mar-00,-23.5
15-Mar-00,-24
14-Mar-00,-24.7
13-Mar-00,-25
10-Mar-00,-21.7
09-Mar-00,-21.5
08-Mar-00,-21.4
07-Mar-00,-21.25
06-Mar-00,-21.5
03-Mar-00,-21
02-Mar-00,-19.7
01-Mar-00,-19
29-Feb-00,-18
28-Feb-00,-19.6
25-Feb-00,-16.5
24-Feb-00,-15.5
23-Feb-00,-17.5
22-Feb-00,-17.5
21-Feb-00,-17
18-Feb-00,-17
17-Feb-00,-17.5
16-Feb-00,-18
15-Feb-00,-16.5
14-Feb-00,-17.5
11-Feb-00,-17.5
10-Feb-00,-16.5
09-Feb-00,-19.5
08-Feb-00,-18.25
07-Feb-00,-17.5
04-Feb-00,-19
03-Feb-00,-18
02-Feb-00,-19.5
01-Feb-00,-19.25
31-Jan-00,-17.5
28-Jan-00,-16.75
27-Jan-00,-15.25
26-Jan-00,-16
25-Jan-00,-16.5
24-Jan-00,-15.5
21-Jan-00,-14.75
20-Jan-00,-14
19-Jan-00,-15.5
18-Jan-00,-15.5
17-Jan-00,-15.5
14-Jan-00,-14.5
13-Jan-00,-15.5
12-Jan-00,-13.5
11-Jan-00,-15
10-Jan-00,-15
07-Jan-00,-15.25
06-Jan-00,-14.5
05-Jan-00,-15.5
04-Jan-00,-14.5
03-Jan-00,-16.5
31-Dec-99,-17.5
30-Dec-99,-22.5
29-Dec-99,-20
28-Dec-99,-37.5
27-Dec-99,-39.5
24-Dec-99,-38.5
23-Dec-99,-38.5
22-Dec-99,-33.5
21-Dec-99,-36.5
20-Dec-99,-21.5
17-Dec-99,-15
16-Dec-99,-20.5
15-Dec-99,-23
14-Dec-99,-21.5
13-Dec-99,-24.5
10-Dec-99,-22
09-Dec-99,-23
08-Dec-99,-22
07-Dec-99,-25.5
06-Dec-99,-29
03-Dec-99,-28.5
02-Dec-99,-30.5
01-Dec-99,-34
30-Nov-99,-32
29-Nov-99,-31
26-Nov-99,-9.5
25-Nov-99,-7
24-Nov-99,-3.5
23-Nov-99,-0.35
22-Nov-99,-3
19-Nov-99,-2
18-Nov-99,-2
17-Nov-99,-1.5
16-Nov-99,0
15-Nov-99,-0.5
12-Nov-99,7.5
11-Nov-99,1.5
10-Nov-99,7.5
09-Nov-99,2
08-Nov-99,2
05-Nov-99,3.5
04-Nov-99,3
03-Nov-99,3.25
02-Nov-99,2
01-Nov-99,3.5
29-Oct-99,2
28-Oct-99,-5
27-Oct-99,-15
26-Oct-99,6.7
25-Oct-99,9.5
22-Oct-99,9.5
21-Oct-99,11.75
20-Oct-99,14.5
19-Oct-99,11.5
18-Oct-99,12
15-Oct-99,12.5
14-Oct-99,11
13-Oct-99,10
12-Oct-99,4.5
11-Oct-99,10.5
08-Oct-99,9.5
07-Oct-99,9.5
06-Oct-99,10.75
05-Oct-99,8.5
04-Oct-99,15
01-Oct-99,19
30-Sep-99,18
29-Sep-99,20
28-Sep-99,21
27-Sep-99,20
24-Sep-99,-10
23-Sep-99,21.5
22-Sep-99,21.5
21-Sep-99,21.5
20-Sep-99,21
17-Sep-99,22.5
16-Sep-99,22
15-Sep-99,23.25
14-Sep-99,25.5
13-Sep-99,21.5
10-Sep-99,22.5
09-Sep-99,-10.5
08-Sep-99,23
07-Sep-99,21.5
06-Sep-99,21.5
03-Sep-99,22
02-Sep-99,21.5
01-Sep-99,24.5
31-Aug-99,24.5
30-Aug-99,-12
27-Aug-99,25.5
26-Aug-99,25
25-Aug-99,24
24-Aug-99,26.5
23-Aug-99,28.5
20-Aug-99,27
19-Aug-99,27.5
18-Aug-99,29
17-Aug-99,35
16-Aug-99,34
13-Aug-99,34.5
12-Aug-99,34.25
11-Aug-99,33
10-Aug-99,33
09-Aug-99,34
06-Aug-99,36
05-Aug-99,35
04-Aug-99,39
03-Aug-99,43.5
02-Aug-99,39.5
30-Jul-99,35
29-Jul-99,38
28-Jul-99,40
27-Jul-99,38.5
26-Jul-99,40
23-Jul-99,40.5
22-Jul-99,44
21-Jul-99,44
20-Jul-99,45.5
19-Jul-99,47
16-Jul-99,44
15-Jul-99,44
14-Jul-99,42.5
13-Jul-99,45
12-Jul-99,46
09-Jul-99,44.5
08-Jul-99,39.5
07-Jul-99,42.5
06-Jul-99,42
05-Jul-99,41.5
02-Jul-99,41
01-Jul-99,43
30-Jun-99,38.5
29-Jun-99,40.5
28-Jun-99,39.5
25-Jun-99,44.5
24-Jun-99,44.5
23-Jun-99,52.5
22-Jun-99,55
21-Jun-99,53
18-Jun-99,55.5
17-Jun-99,56
16-Jun-99,60
15-Jun-99,61
14-Jun-99,57.5
11-Jun-99,58.5
10-Jun-99,59
09-Jun-99,63.5
08-Jun-99,66
07-Jun-99,64
04-Jun-99,63.5
03-Jun-99,63.5
02-Jun-99,68
01-Jun-99,70
31-May-99,61
28-May-99,61.5
27-May-99,62.5
26-May-99,67
25-May-99,67
24-May-99,69.5
21-May-99,64
20-May-99,64.25
19-May-99,63
18-May-99,64
17-May-99,63.5
14-May-99,64
13-May-99,65.5
12-May-99,64.5
11-May-99,64.3
10-May-99,66.5
07-May-99,62.2
06-May-99,61
05-May-99,63.5
04-May-99,65.5
30-Apr-99,66.5
29-Apr-99,68
28-Apr-99,62.5
27-Apr-99,65.5
26-Apr-99,68.5
23-Apr-99,68.5
22-Apr-99,68.5
21-Apr-99,69.5
20-Apr-99,68.5
19-Apr-99,65
16-Apr-99,68.5
15-Apr-99,66.5
14-Apr-99,69
13-Apr-99,73.5
12-Apr-99,69.5
09-Apr-99,69.5
08-Apr-99,74
07-Apr-99,75
06-Apr-99,77
02-Apr-99,82.5
01-Apr-99,76.5
31-Mar-99,71.5
29-Mar-99,78
26-Mar-99,79
25-Mar-99,80
24-Mar-99,78.5
23-Mar-99,77.5
22-Mar-99,79.5
19-Mar-99,72
18-Mar-99,74
17-Mar-99,76.5
16-Mar-99,84
15-Mar-99,80
12-Mar-99,80.5
11-Mar-99,86.5
10-Mar-99,87.5
09-Mar-99,93
08-Mar-99,95
05-Mar-99,91.5
04-Mar-99,92.5
03-Mar-99,94.5
02-Mar-99,95
01-Mar-99,97.5
26-Feb-99,93
25-Feb-99,91
24-Feb-99,98.5
23-Feb-99,83.5
22-Feb-99,83.5
19-Feb-99,85
18-Feb-99,83.5
17-Feb-99,84
16-Feb-99,85
15-Feb-99,86.5
12-Feb-99,85
11-Feb-99,80
10-Feb-99,86.5
09-Feb-99,86.5
08-Feb-99,85
05-Feb-99,82.75
04-Feb-99,82
03-Feb-99,80.5
02-Feb-99,88
01-Feb-99,86.5
29-Jan-99,88.5
28-Jan-99,81.5
27-Jan-99,89.5
26-Jan-99,83
25-Jan-99,86
22-Jan-99,92
21-Jan-99,91.5
20-Jan-99,90.5
19-Jan-99,100.5
18-Jan-99,105
15-Jan-99,108.5
14-Jan-99,117.5
13-Jan-99,126.25
12-Jan-99,120.75
11-Jan-99,124
08-Jan-99,113
07-Jan-99,111
06-Jan-99,105.5
05-Jan-99,110.5
04-Jan-99,121.5
31-Dec-98,116.5
30-Dec-98,111
29-Dec-98,107.5
28-Dec-98,100.5
25-Dec-98,108.5
24-Dec-98,109.5
23-Dec-98,108.5
22-Dec-98,113
21-Dec-98,136
18-Dec-98,125
17-Dec-98,126
16-Dec-98,132.5
15-Dec-98,138.5
14-Dec-98,138
11-Dec-98,128.5
10-Dec-98,130
09-Dec-98,130.5
08-Dec-98,135.5
07-Dec-98,143
04-Dec-98,139
03-Dec-98,132.5
02-Dec-98,140.5
01-Dec-98,132.5
30-Nov-98,142.5
27-Nov-98,146
26-Nov-98,151
25-Nov-98,157.5
24-Nov-98,160.5
23-Nov-98,171.5
20-Nov-98,168.5
19-Nov-98,147.5
18-Nov-98,153.5
17-Nov-98,156
16-Nov-98,148
13-Nov-98,152
12-Nov-98,157.5
11-Nov-98,181
10-Nov-98,180.5
09-Nov-98,185
06-Nov-98,175
05-Nov-98,176.5
04-Nov-98,182
03-Nov-98,184.5
02-Nov-98,172
30-Oct-98,174
29-Oct-98,174
28-Oct-98,183.5
27-Oct-98,184.5
26-Oct-98,191.5
23-Oct-98,193.5
22-Oct-98,200.5
21-Oct-98,195
20-Oct-98,202
19-Oct-98,227
16-Oct-98,198
15-Oct-98,194.5
14-Oct-98,197.5
13-Oct-98,205
12-Oct-98,214.5
09-Oct-98,217
08-Oct-98,203.5
07-Oct-98,205
06-Oct-98,223
05-Oct-98,222.5
02-Oct-98,217.5
01-Oct-98,216.5
30-Sep-98,212.5
29-Sep-98,220.5
28-Sep-98,207
25-Sep-98,201
24-Sep-98,205
23-Sep-98,211
22-Sep-98,222
21-Sep-98,200.5
18-Sep-98,215
17-Sep-98,219
16-Sep-98,222.5
15-Sep-98,208
14-Sep-98,206
11-Sep-98,211.5
10-Sep-98,204
09-Sep-98,220.5
08-Sep-98,228
07-Sep-98,212.5
04-Sep-98,214.5
03-Sep-98,214
02-Sep-98,231
01-Sep-98,241
31-Aug-98,234.5
28-Aug-98,247
27-Aug-98,250
26-Aug-98,253
25-Aug-98,245
24-Aug-98,250
21-Aug-98,244.5
20-Aug-98,241.5
19-Aug-98,244
18-Aug-98,242.5
17-Aug-98,253.5
14-Aug-98,280
13-Aug-98,233
12-Aug-98,260.5
11-Aug-98,251.5
10-Aug-98,244.5
07-Aug-98,231.5
06-Aug-98,225.5
05-Aug-98,242
04-Aug-98,244
03-Aug-98,248
31-Jul-98,227
30-Jul-98,231
29-Jul-98,229.5
28-Jul-98,231
27-Jul-98,234.5
24-Jul-98,234.5
23-Jul-98,233
22-Jul-98,236.5
21-Jul-98,230
20-Jul-98,249
17-Jul-98,237.5
16-Jul-98,245
15-Jul-98,235
14-Jul-98,255
13-Jul-98,270
10-Jul-98,260.5
09-Jul-98,256.5
08-Jul-98,252.5
07-Jul-98,270
06-Jul-98,270
03-Jul-98,260
02-Jul-98,265
01-Jul-98,265
30-Jun-98,270
29-Jun-98,287.5
26-Jun-98,281.5
25-Jun-98,256
24-Jun-98,264.5
23-Jun-98,281
22-Jun-98,274
19-Jun-98,282.5
18-Jun-98,276.5
17-Jun-98,295
16-Jun-98,300
15-Jun-98,294
12-Jun-98,300
11-Jun-98,295
10-Jun-98,285
09-Jun-98,290.5
08-Jun-98,273
05-Jun-98,270.5
04-Jun-98,265.5
03-Jun-98,290
02-Jun-98,297
01-Jun-98,287.5
29-May-98,271
28-May-98,280
27-May-98,395
26-May-98,280.5
25-May-98,285
22-May-98,285
21-May-98,265
20-May-98,273
19-May-98,275
18-May-98,288
15-May-98,264
14-May-98,264
13-May-98,266
12-May-98,270
11-May-98,280
08-May-98,265
07-May-98,261
06-May-98,261
05-May-98,267
04-May-98,277
01-May-98,263
30-Apr-98,265
29-Apr-98,266
28-Apr-98,276
27-Apr-98,258
24-Apr-98,259
23-Apr-98,263.5
22-Apr-98,277.5
21-Apr-98,286.5
20-Apr-98,255
17-Apr-98,265
16-Apr-98,262.5
15-Apr-98,270.5
14-Apr-98,281.5
13-Apr-98,269
10-Apr-98,268.5
09-Apr-98,267.5
08-Apr-98,267.5
07-Apr-98,287
06-Apr-98,277
03-Apr-98,275
02-Apr-98,275
01-Apr-98,275.5
31-Mar-98,285
30-Mar-98,285.5
27-Mar-98,258
26-Mar-98,270
25-Mar-98,276
24-Mar-98,282
23-Mar-98,292
20-Mar-98,280
19-Mar-98,280.5
18-Mar-98,272.5
17-Mar-98,295.5
16-Mar-98,280
13-Mar-98,276
12-Mar-98,274.5
11-Mar-98,284
10-Mar-98,290
09-Mar-98,297.5
06-Mar-98,272.5
05-Mar-98,270
04-Mar-98,268.5
03-Mar-98,279
02-Mar-98,280.5
27-Feb-98,267.5
26-Feb-98,268.5
25-Feb-98,280
24-Feb-98,236.5
23-Feb-98,244
20-Feb-98,245
19-Feb-98,260.5
18-Feb-98,253
17-Feb-98,258
16-Feb-98,262
13-Feb-98,257.5
12-Feb-98,260
11-Feb-98,251.5
10-Feb-98,253.5
09-Feb-98,260.5
06-Feb-98,256.5
05-Feb-98,257.5
04-Feb-98,264
03-Feb-98,260
02-Feb-98,264.5
30-Jan-98,279
29-Jan-98,275.5
28-Jan-98,267.5
27-Jan-98,277
26-Jan-98,275
23-Jan-98,290
22-Jan-98,305
21-Jan-98,297
20-Jan-98,304
19-Jan-98,316
16-Jan-98,308
15-Jan-98,320
14-Jan-98,325
13-Jan-98,330
12-Jan-98,348.5
09-Jan-98,332.5
08-Jan-98,330
07-Jan-98,345
06-Jan-98,345
05-Jan-98,360
02-Jan-98,325
31-Dec-97,296.5
30-Dec-97,300
29-Dec-97,295.5
26-Dec-97,310
25-Dec-97,310
24-Dec-97,311
23-Dec-97,310
22-Dec-97,335
19-Dec-97,325
18-Dec-97,303
17-Dec-97,337
16-Dec-97,347
15-Dec-97,358
12-Dec-97,335
11-Dec-97,335
10-Dec-97,308
09-Dec-97,331
08-Dec-97,349.5
05-Dec-97,338
04-Dec-97,320
03-Dec-97,330
02-Dec-97,335
01-Dec-97,435
28-Nov-97,390
27-Nov-97,339.5
26-Nov-97,335
25-Nov-97,315
24-Nov-97,325
21-Nov-97,328.5
20-Nov-97,332.5
19-Nov-97,277
18-Nov-97,283.5
17-Nov-97,270.5
14-Nov-97,286.5
13-Nov-97,286.5
12-Nov-97,282.5
11-Nov-97,307
10-Nov-97,287.5
07-Nov-97,290.5
06-Nov-97,288.5
05-Nov-97,300
04-Nov-97,297.5
03-Nov-97,291.5
31-Oct-97,433
30-Oct-97,278.5
29-Oct-97,275.5
28-Oct-97,292.5
27-Oct-97,281
24-Oct-97,274
23-Oct-97,245.5
22-Oct-97,253
21-Oct-97,263
20-Oct-97,268
17-Oct-97,249.5
16-Oct-97,249.5
15-Oct-97,251
14-Oct-97,244
13-Oct-97,270
10-Oct-97,253
09-Oct-97,249
08-Oct-97,247.5
07-Oct-97,243.5
06-Oct-97,226
03-Oct-97,255
02-Oct-97,251.5
01-Oct-97,248.5
30-Sep-97,256.5
29-Sep-97,263
26-Sep-97,245.5
25-Sep-97,238.5
24-Sep-97,243
23-Sep-97,258
22-Sep-97,247.5
19-Sep-97,248
18-Sep-97,247.5
17-Sep-97,254.5
16-Sep-97,261
15-Sep-97,247.5
12-Sep-97,248.5
11-Sep-97,251
10-Sep-97,269.5
09-Sep-97,277.5
08-Sep-97,254
05-Sep-97,257
04-Sep-97,258.5
03-Sep-97,266.5
02-Sep-97,274.5
01-Sep-97,256
29-Aug-97,254
28-Aug-97,254.5
27-Aug-97,262
26-Aug-97,262.5
25-Aug-97,272.5
22-Aug-97,259.5
21-Aug-97,273.5
20-Aug-97,269
19-Aug-97,273.5
18-Aug-97,283.5
15-Aug-97,250
14-Aug-97,254
13-Aug-97,245
12-Aug-97,262
11-Aug-97,272
08-Aug-97,265
07-Aug-97,255
06-Aug-97,256.5
05-Aug-97,271.5
04-Aug-97,256
01-Aug-97,272.5
31-Jul-97,272
30-Jul-97,290.5
29-Jul-97,275.5
28-Jul-97,286.5
25-Jul-97,298.5
24-Jul-97,276.5
23-Jul-97,284
22-Jul-97,312.5
21-Jul-97,345
18-Jul-97,336
17-Jul-97,306.5
16-Jul-97,332.5
15-Jul-97,331.5
14-Jul-97,371.5
11-Jul-97,517
10-Jul-97,451
09-Jul-97,274
08-Jul-97,300.5
07-Jul-97,316
04-Jul-97,346
03-Jul-97,343.5
02-Jul-97,342.5
01-Jul-97,368.5
30-Jun-97,412.5
27-Jun-97,433
26-Jun-97,367
25-Jun-97,323
24-Jun-97,320.5
23-Jun-97,313
20-Jun-97,406.5
19-Jun-97,515
18-Jun-97,615.5
17-Jun-97,555
16-Jun-97,512.5
13-Jun-97,524.5
12-Jun-97,534.5
11-Jun-97,561
10-Jun-97,747.5
09-Jun-97,778
06-Jun-97,973.5
05-Jun-97,742.5
04-Jun-97,702.5
03-Jun-97,1144
02-Jun-97,1068
29-May-97,761
28-May-97,999
27-May-97,550.84
26-May-97,1077.5
23-May-97,972
22-May-97,1500
21-May-97,823
20-May-97,737
19-May-97,209.5
16-May-97,222
15-May-97,199
14-May-97,178.5
13-May-97,181.5
12-May-97,187
09-May-97,175.5
08-May-97,180.5
07-May-97,175.5
06-May-97,176.5
05-May-97,188
02-May-97,189.5
01-May-97,182.5
30-Apr-97,178
29-Apr-97,177.5
28-Apr-97,172
25-Apr-97,168.5
24-Apr-97,167.5
23-Apr-97,175
22-Apr-97,181
21-Apr-97,166.5
18-Apr-97,165.5
17-Apr-97,164.5
16-Apr-97,171.5
15-Apr-97,176.5
14-Apr-97,161
11-Apr-97,160
10-Apr-97,162.5
09-Apr-97,167.5
08-Apr-97,169.5
07-Apr-97,161.5
04-Apr-97,162.5
03-Apr-97,158.5
02-Apr-97,164.5
01-Apr-97,171
31-Mar-97,163.5
28-Mar-97,162.5
27-Mar-97,162.5
26-Mar-97,167.5
25-Mar-97,151
24-Mar-97,178.5
21-Mar-97,172.5
20-Mar-97,175.5
19-Mar-97,172.5
18-Mar-97,180.5
17-Mar-97,185
14-Mar-97,172
13-Mar-97,174
12-Mar-97,172
11-Mar-97,178
10-Mar-97,183
07-Mar-97,177.25
06-Mar-97,174.2
05-Mar-97,174.55
04-Mar-97,180.45
03-Mar-97,186.1
28-Feb-97,176.4
27-Feb-97,173.95
26-Feb-97,155.2
25-Feb-97,153.45
24-Feb-97,153.3
21-Feb-97,154.65
20-Feb-97,154.25
19-Feb-97,154.8
18-Feb-97,154.1
17-Feb-97,154.2
14-Feb-97,153
13-Feb-97,156.65
12-Feb-97,153.55
11-Feb-97,152.6
10-Feb-97,148
07-Feb-97,190.7
06-Feb-97,145.85
05-Feb-97,149.15
04-Feb-97,150
03-Feb-97,147.5
31-Jan-97,142.95
30-Jan-97,178.3
29-Jan-97,146.7
28-Jan-97,151.5
27-Jan-97,158
24-Jan-97,162
23-Jan-97,159.9
22-Jan-97,166.15
21-Jan-97,169.55
20-Jan-97,171.9
17-Jan-97,169
16-Jan-97,163.4
15-Jan-97,166.5
14-Jan-97,172.7
13-Jan-97,181
10-Jan-97,164.5
09-Jan-97,168.2
08-Jan-97,164
07-Jan-97,172.4
06-Jan-97,173.85
03-Jan-97,164.4
02-Jan-97,162.8
31-Dec-96,161
30-Dec-96,165.45
27-Dec-96,160.2
25-Dec-96,162.5
24-Dec-96,162
23-Dec-96,162.5
20-Dec-96,160.2
19-Dec-96,159.85
