Date,Line(QHUF1M=)
28-Mar-17,-35.07
27-Mar-17,-36.5
24-Mar-17,-37.25
23-Mar-17,-37.5
22-Mar-17,-38.5
21-Mar-17,-35.5
20-Mar-17,-34.5
17-Mar-17,-33.44
16-Mar-17,-33.5
15-Mar-17,-33.5
14-Mar-17,-33.5
13-Mar-17,-36
10-Mar-17,-35.5
09-Mar-17,-32.5
08-Mar-17,-32
07-Mar-17,-33
06-Mar-17,-32.75
03-Mar-17,-31
02-Mar-17,-31.5
01-Mar-17,-31
28-Feb-17,-31
27-Feb-17,-39.5
24-Feb-17,-26.5
23-Feb-17,-23.5
22-Feb-17,-25.5
21-Feb-17,-24
20-Feb-17,-23.5
17-Feb-17,-23.5
16-Feb-17,-21.5
15-Feb-17,-22
14-Feb-17,-22
13-Feb-17,-20.5
10-Feb-17,-23.5
09-Feb-17,-20.5
08-Feb-17,-20.5
07-Feb-17,-20.5
06-Feb-17,-21
03-Feb-17,-20
02-Feb-17,-17.85
01-Feb-17,-19.7
31-Jan-17,-20
30-Jan-17,-21
27-Jan-17,-22.25
26-Jan-17,-24.75
25-Jan-17,-26
24-Jan-17,-27
23-Jan-17,-27
20-Jan-17,-26
19-Jan-17,-25.5
18-Jan-17,-26.5
17-Jan-17,-26.5
16-Jan-17,-26.5
13-Jan-17,-24
12-Jan-17,-25.5
11-Jan-17,-28
10-Jan-17,-27
09-Jan-17,-25
06-Jan-17,-22.5
05-Jan-17,-22.5
04-Jan-17,-22
03-Jan-17,-22.5
02-Jan-17,-25.5
30-Dec-16,-29.5
29-Dec-16,-27.5
28-Dec-16,-40.5
27-Dec-16,-36
26-Dec-16,-33.5
23-Dec-16,-32
22-Dec-16,-30.77
21-Dec-16,-28.5
20-Dec-16,-29.5
19-Dec-16,-29.5
16-Dec-16,-29.5
15-Dec-16,-29.5
14-Dec-16,-28
13-Dec-16,-32
12-Dec-16,-35
09-Dec-16,-34.5
08-Dec-16,-32.5
07-Dec-16,-32
06-Dec-16,-31.75
05-Dec-16,-29.5
02-Dec-16,-27
01-Dec-16,-27.5
30-Nov-16,-30.5
29-Nov-16,-28.82
28-Nov-16,-14
25-Nov-16,-13.5
24-Nov-16,-13.5
23-Nov-16,-12
22-Nov-16,-11.5
21-Nov-16,-11
18-Nov-16,-10.5
17-Nov-16,-10.5
16-Nov-16,-4.5
15-Nov-16,-8.5
14-Nov-16,-10.5
11-Nov-16,-8.73
10-Nov-16,-8.5
09-Nov-16,-8
08-Nov-16,-8.5
07-Nov-16,-5.5
04-Nov-16,-5
03-Nov-16,-1
02-Nov-16,0.5
01-Nov-16,-0.5
31-Oct-16,-1
28-Oct-16,-1
27-Oct-16,-0.5
26-Oct-16,1
25-Oct-16,-6.44
24-Oct-16,-6
21-Oct-16,-5
20-Oct-16,-4
19-Oct-16,-6
18-Oct-16,-8
17-Oct-16,-10
14-Oct-16,-2.5
13-Oct-16,-3.25
12-Oct-16,-2.5
11-Oct-16,-2.5
10-Oct-16,-3
07-Oct-16,-3
06-Oct-16,-2.5
05-Oct-16,-1
04-Oct-16,0.5
03-Oct-16,2
30-Sep-16,0.5
29-Sep-16,-0.74
28-Sep-16,-1.5
27-Sep-16,2.5
26-Sep-16,4.5
23-Sep-16,5.75
22-Sep-16,5.5
21-Sep-16,3.5
20-Sep-16,-1.25
19-Sep-16,-1
16-Sep-16,-1
15-Sep-16,-0.5
14-Sep-16,-0.5
13-Sep-16,0.5
12-Sep-16,-3.5
09-Sep-16,-5
08-Sep-16,-5
07-Sep-16,-4.25
06-Sep-16,-5.01
05-Sep-16,-4
02-Sep-16,-4.5
01-Sep-16,-4.5
31-Aug-16,-4.51
30-Aug-16,-4.5
29-Aug-16,-5
26-Aug-16,-5
25-Aug-16,-5.5
24-Aug-16,-7
23-Aug-16,-8.99
22-Aug-16,-12.5
19-Aug-16,-13.5
18-Aug-16,-14.5
17-Aug-16,-13.2
16-Aug-16,-15
15-Aug-16,-15.5
12-Aug-16,-15.85
11-Aug-16,-15.01
10-Aug-16,-14.5
09-Aug-16,-14.01
08-Aug-16,-12.01
05-Aug-16,-9.51
04-Aug-16,-7.01
03-Aug-16,-5.14
02-Aug-16,-3.51
01-Aug-16,-3.26
29-Jul-16,-3.14
28-Jul-16,-2.01
27-Jul-16,-2.01
26-Jul-16,-2.01
25-Jul-16,-2.01
22-Jul-16,-1
21-Jul-16,-2.01
20-Jul-16,-0.51
19-Jul-16,-1
18-Jul-16,-4.01
15-Jul-16,-6.01
14-Jul-16,-7.51
13-Jul-16,-5.01
12-Jul-16,-1
11-Jul-16,1.5
08-Jul-16,2.75
07-Jul-16,0.5
06-Jul-16,1.5
05-Jul-16,4.75
04-Jul-16,3.5
01-Jul-16,4
30-Jun-16,3.25
29-Jun-16,2
28-Jun-16,-0.51
27-Jun-16,0.5
24-Jun-16,-1.5
23-Jun-16,0
22-Jun-16,-0.01
21-Jun-16,-0.01
20-Jun-16,-0.01
17-Jun-16,0.75
16-Jun-16,0.5
15-Jun-16,3
14-Jun-16,3.5
13-Jun-16,1.5
10-Jun-16,2
09-Jun-16,1.25
08-Jun-16,1.4
07-Jun-16,6.75
06-Jun-16,7.75
03-Jun-16,8.24
02-Jun-16,7
01-Jun-16,9.99
31-May-16,12.5
30-May-16,12.5
27-May-16,12.5
26-May-16,12
25-May-16,13
24-May-16,12
23-May-16,13.5
20-May-16,13
19-May-16,13
18-May-16,11.75
17-May-16,11.89
16-May-16,10.13
13-May-16,9
12-May-16,9
11-May-16,9
10-May-16,9.5
09-May-16,9.75
06-May-16,8.75
05-May-16,8.88
04-May-16,9.5
03-May-16,11.2
02-May-16,11.9
29-Apr-16,11.5
28-Apr-16,11.5
27-Apr-16,12.51
26-Apr-16,11.5
25-Apr-16,12
22-Apr-16,11.25
21-Apr-16,9.99
20-Apr-16,12
19-Apr-16,15
18-Apr-16,14
15-Apr-16,14.5
14-Apr-16,13.5
13-Apr-16,11.5
12-Apr-16,13.5
11-Apr-16,11.5
08-Apr-16,9.99
07-Apr-16,9.99
06-Apr-16,14
05-Apr-16,17.5
04-Apr-16,16.5
01-Apr-16,17.5
31-Mar-16,18.5
30-Mar-16,17.5
29-Mar-16,15
28-Mar-16,12.51
25-Mar-16,12.5
24-Mar-16,12.5
23-Mar-16,12
22-Mar-16,12.75
21-Mar-16,17
18-Mar-16,16.5
17-Mar-16,18.75
16-Mar-16,18
15-Mar-16,16.75
14-Mar-16,14.5
11-Mar-16,12.5
10-Mar-16,11
09-Mar-16,11.25
08-Mar-16,9.82
07-Mar-16,12
04-Mar-16,12.5
03-Mar-16,12.5
02-Mar-16,12.5
01-Mar-16,9.49
29-Feb-16,8.49
26-Feb-16,6.5
25-Feb-16,6.5
24-Feb-16,8.99
23-Feb-16,15.5
22-Feb-16,14.25
19-Feb-16,17
18-Feb-16,16.34
17-Feb-16,14.85
16-Feb-16,16.5
15-Feb-16,16.5
12-Feb-16,16
11-Feb-16,16
10-Feb-16,19
09-Feb-16,17
08-Feb-16,18
05-Feb-16,17
04-Feb-16,18.5
03-Feb-16,16
02-Feb-16,15.5
01-Feb-16,15.5
29-Jan-16,17.5
28-Jan-16,17.5
27-Jan-16,13.51
26-Jan-16,15.01
25-Jan-16,17
22-Jan-16,18.01
21-Jan-16,19.51
20-Jan-16,18.51
19-Jan-16,17.51
18-Jan-16,17.5
15-Jan-16,19.5
14-Jan-16,18.51
13-Jan-16,24.37
12-Jan-16,18.51
11-Jan-16,16
08-Jan-16,14.9
07-Jan-16,14.51
06-Jan-16,17.5
05-Jan-16,19.5
04-Jan-16,25
01-Jan-16,19.74
31-Dec-15,15
30-Dec-15,15.01
29-Dec-15,3.01
28-Dec-15,2.01
25-Dec-15,1.4
24-Dec-15,2.01
23-Dec-15,2.01
22-Dec-15,3
21-Dec-15,-0.01
18-Dec-15,-0.01
17-Dec-15,-7.01
16-Dec-15,-5.01
15-Dec-15,-5.51
14-Dec-15,7.01
11-Dec-15,9.96
10-Dec-15,-2.07
09-Dec-15,-17.51
08-Dec-15,-17.48
07-Dec-15,-15.24
04-Dec-15,-13.96
03-Dec-15,-10.85
02-Dec-15,-12.5
01-Dec-15,-2.03
30-Nov-15,1.41
27-Nov-15,5
26-Nov-15,19.71
25-Nov-15,20
24-Nov-15,20.5
23-Nov-15,23.5
20-Nov-15,25.5
19-Nov-15,25
18-Nov-15,24.5
17-Nov-15,23.01
16-Nov-15,22.51
13-Nov-15,23.5
12-Nov-15,22
11-Nov-15,24
10-Nov-15,27.51
09-Nov-15,28.5
06-Nov-15,28
05-Nov-15,29.5
04-Nov-15,29
03-Nov-15,28.5
02-Nov-15,24.5
30-Oct-15,21.01
29-Oct-15,23.5
28-Oct-15,21
27-Oct-15,15.5
26-Oct-15,17.5
23-Oct-15,17.5
22-Oct-15,17.5
21-Oct-15,17.5
20-Oct-15,20
19-Oct-15,19.5
16-Oct-15,20
15-Oct-15,19
14-Oct-15,15.45
13-Oct-15,12.6
12-Oct-15,14
09-Oct-15,16
08-Oct-15,9.43
07-Oct-15,14.26
06-Oct-15,10.01
05-Oct-15,12.01
02-Oct-15,12.01
01-Oct-15,11.51
30-Sep-15,9.26
29-Sep-15,6.76
28-Sep-15,5.26
25-Sep-15,4.01
24-Sep-15,2.38
23-Sep-15,1.38
22-Sep-15,-4.61
21-Sep-15,2.01
18-Sep-15,3.76
17-Sep-15,3.51
16-Sep-15,3.51
15-Sep-15,4.76
14-Sep-15,6.26
11-Sep-15,4.51
10-Sep-15,4.26
09-Sep-15,3.01
08-Sep-15,-1.24
07-Sep-15,2.01
04-Sep-15,4.01
03-Sep-15,4.51
02-Sep-15,5.51
01-Sep-15,6.76
31-Aug-15,2.51
28-Aug-15,2.51
27-Aug-15,-0.74
26-Aug-15,-4.25
25-Aug-15,-3.39
24-Aug-15,-1.24
21-Aug-15,-0.99
20-Aug-15,1.88
19-Aug-15,2.76
18-Aug-15,5.01
17-Aug-15,6.01
14-Aug-15,6.26
13-Aug-15,7.76
12-Aug-15,9.51
11-Aug-15,11.51
10-Aug-15,11.76
07-Aug-15,10
06-Aug-15,10.26
05-Aug-15,12.76
04-Aug-15,12.83
03-Aug-15,13.88
31-Jul-15,13.5
30-Jul-15,13.51
29-Jul-15,9.76
28-Jul-15,12.51
27-Jul-15,14.76
24-Jul-15,15.51
23-Jul-15,14.76
22-Jul-15,18.76
21-Jul-15,21.76
20-Jul-15,20.76
17-Jul-15,14.8
16-Jul-15,23.51
15-Jul-15,23.26
14-Jul-15,23.26
13-Jul-15,24.76
10-Jul-15,23.51
09-Jul-15,23.76
08-Jul-15,19.51
07-Jul-15,19.51
06-Jul-15,20.13
03-Jul-15,13.2
02-Jul-15,19.51
01-Jul-15,20.51
30-Jun-15,21.01
29-Jun-15,17.54
26-Jun-15,7.76
25-Jun-15,7.51
24-Jun-15,7.51
23-Jun-15,7.26
22-Jun-15,5.76
19-Jun-15,5.26
18-Jun-15,5.01
17-Jun-15,5.13
16-Jun-15,6.13
15-Jun-15,6
12-Jun-15,8.26
11-Jun-15,9.5
10-Jun-15,11.5
09-Jun-15,12.38
08-Jun-15,13
05-Jun-15,15.5
04-Jun-15,15.75
03-Jun-15,16
02-Jun-15,15.75
01-Jun-15,16.01
29-May-15,16.13
28-May-15,16.63
27-May-15,19.75
26-May-15,23
25-May-15,24.25
22-May-15,24.25
21-May-15,24
20-May-15,25.5
19-May-15,25.5
18-May-15,25.5
15-May-15,24.5
14-May-15,25.5
13-May-15,25.5
12-May-15,23.5
11-May-15,23.5
08-May-15,22.5
07-May-15,23.5
06-May-15,21.5
05-May-15,16.65
04-May-15,21
01-May-15,20.5
30-Apr-15,20
29-Apr-15,16.3
28-Apr-15,16.89
27-Apr-15,17.5
24-Apr-15,18
23-Apr-15,15.25
22-Apr-15,20.41
21-Apr-15,20.33
20-Apr-15,23.08
17-Apr-15,19
16-Apr-15,22.9
15-Apr-15,23.11
14-Apr-15,23.2
13-Apr-15,23.15
10-Apr-15,17.25
09-Apr-15,23.25
08-Apr-15,23.12
07-Apr-15,22.99
06-Apr-15,20
03-Apr-15,20
02-Apr-15,20
01-Apr-15,17.5
31-Mar-15,16.5
30-Mar-15,17
27-Mar-15,14.5
26-Mar-15,15.82
25-Mar-15,15.96
24-Mar-15,19
23-Mar-15,21.5
20-Mar-15,21.01
19-Mar-15,21.5
18-Mar-15,23
17-Mar-15,24
16-Mar-15,24.5
13-Mar-15,22
12-Mar-15,23
11-Mar-15,24.5
10-Mar-15,26.5
09-Mar-15,26
06-Mar-15,25
05-Mar-15,25
04-Mar-15,24.5
03-Mar-15,24.5
02-Mar-15,26
27-Feb-15,26
26-Feb-15,24
25-Feb-15,23.3
24-Feb-15,20
23-Feb-15,21
20-Feb-15,21.5
19-Feb-15,21.2
18-Feb-15,21.8
17-Feb-15,21.2
16-Feb-15,22.3
13-Feb-15,22.5
12-Feb-15,22
11-Feb-15,21.7
10-Feb-15,23.5
09-Feb-15,22.01
06-Feb-15,23.26
05-Feb-15,24.51
04-Feb-15,26.5
03-Feb-15,28.51
02-Feb-15,27.51
30-Jan-15,25.51
29-Jan-15,25
28-Jan-15,24.6
27-Jan-15,26
26-Jan-15,26
23-Jan-15,27.5
22-Jan-15,27.5
21-Jan-15,28.01
20-Jan-15,28.5
19-Jan-15,29.2
16-Jan-15,29.26
15-Jan-15,33
14-Jan-15,28.5
13-Jan-15,27.4
12-Jan-15,25.4
09-Jan-15,22
08-Jan-15,24.5
07-Jan-15,28
06-Jan-15,25.5
05-Jan-15,29.8
02-Jan-15,27.2
01-Jan-15,25.51
31-Dec-14,25.51
30-Dec-14,24.5
29-Dec-14,10.7
26-Dec-14,10.01
25-Dec-14,9.8
24-Dec-14,9.8
23-Dec-14,9.6
22-Dec-14,11.5
19-Dec-14,10
18-Dec-14,0.26
17-Dec-14,-2.5
16-Dec-14,3
15-Dec-14,2.5
12-Dec-14,2.01
11-Dec-14,2
10-Dec-14,1.6
09-Dec-14,2.2
08-Dec-14,4.5
05-Dec-14,9.76
04-Dec-14,13.01
03-Dec-14,14.01
02-Dec-14,17.8
01-Dec-14,19.2
28-Nov-14,20.26
27-Nov-14,21.1
26-Nov-14,25.3
25-Nov-14,26.5
24-Nov-14,26.5
21-Nov-14,27.5
20-Nov-14,28.5
19-Nov-14,25.5
18-Nov-14,26.1
17-Nov-14,25
14-Nov-14,25.3
13-Nov-14,24.8
12-Nov-14,24
11-Nov-14,25.3
10-Nov-14,24.7
07-Nov-14,25
06-Nov-14,25
05-Nov-14,26.26
04-Nov-14,24
03-Nov-14,20.7
31-Oct-14,19.76
30-Oct-14,20.5
29-Oct-14,19.9
28-Oct-14,21.5
27-Oct-14,22
24-Oct-14,23.5
23-Oct-14,23.5
22-Oct-14,24.3
21-Oct-14,25.6
20-Oct-14,25.7
17-Oct-14,23.01
16-Oct-14,23.3
15-Oct-14,22.9
14-Oct-14,22.6
13-Oct-14,21.5
10-Oct-14,20.5
09-Oct-14,18.5
08-Oct-14,18.2
07-Oct-14,17.25
06-Oct-14,17.75
03-Oct-14,17
02-Oct-14,17.2
01-Oct-14,17
30-Sep-14,16.5
29-Sep-14,15.5
26-Sep-14,13.75
25-Sep-14,10.8
24-Sep-14,11.2
23-Sep-14,13.85
22-Sep-14,12
19-Sep-14,11.5
18-Sep-14,8.9
17-Sep-14,10.8
16-Sep-14,12.5
15-Sep-14,14.5
12-Sep-14,15
11-Sep-14,12.5
10-Sep-14,11.6
09-Sep-14,9.25
08-Sep-14,7.5
05-Sep-14,8.2
04-Sep-14,13.9
03-Sep-14,19.8
02-Sep-14,23.75
01-Sep-14,20.7
29-Aug-14,20.76
28-Aug-14,22
27-Aug-14,22.66
26-Aug-14,24.5
25-Aug-14,26.51
22-Aug-14,25.26
21-Aug-14,24.3
20-Aug-14,29.2
19-Aug-14,29
18-Aug-14,27.8
15-Aug-14,27.26
14-Aug-14,27.2
13-Aug-14,27.8
12-Aug-14,29.5
11-Aug-14,29.8
08-Aug-14,29.5
07-Aug-14,28.5
06-Aug-14,28.5
05-Aug-14,27.8
04-Aug-14,29
01-Aug-14,29.76
31-Jul-14,29.35
30-Jul-14,29.8
29-Jul-14,28.3
28-Jul-14,29.8
25-Jul-14,31.5
24-Jul-14,30.5
23-Jul-14,29.5
22-Jul-14,26.9
21-Jul-14,27.9
18-Jul-14,26
17-Jul-14,26.3
16-Jul-14,26.4
15-Jul-14,28
14-Jul-14,29
11-Jul-14,27.17
10-Jul-14,28.4
09-Jul-14,28.8
08-Jul-14,30.51
07-Jul-14,31.85
04-Jul-14,28.02
03-Jul-14,29.3
02-Jul-14,29
01-Jul-14,29.3
30-Jun-14,29.25
27-Jun-14,26.6
26-Jun-14,24.9
25-Jun-14,26.9
24-Jun-14,29.8
23-Jun-14,28.3
20-Jun-14,28.5
19-Jun-14,28
18-Jun-14,29
17-Jun-14,32.5
16-Jun-14,30.51
13-Jun-14,34.36
12-Jun-14,30.1
11-Jun-14,30.8
10-Jun-14,31.6
09-Jun-14,31.81
06-Jun-14,35.36
05-Jun-14,33.51
04-Jun-14,33.5
03-Jun-14,33.3
02-Jun-14,33.5
30-May-14,30
29-May-14,30.2
28-May-14,31.1
27-May-14,33.7
26-May-14,36
23-May-14,34.5
22-May-14,34.8
21-May-14,36
20-May-14,38
19-May-14,39
16-May-14,37
15-May-14,36.4
14-May-14,36.2
13-May-14,37.1
12-May-14,38.8
09-May-14,35.8
08-May-14,36
07-May-14,38
06-May-14,39.2
05-May-14,39.9
02-May-14,36.5
01-May-14,37
30-Apr-14,37
29-Apr-14,38.8
28-Apr-14,38.7
25-Apr-14,39.35
24-Apr-14,39.2
23-Apr-14,41.5
22-Apr-14,43.9
21-Apr-14,39.51
18-Apr-14,39.5
17-Apr-14,39.7
16-Apr-14,39.5
15-Apr-14,42.05
14-Apr-14,39.2
11-Apr-14,39.5
10-Apr-14,37.75
09-Apr-14,41.3
08-Apr-14,41.3
07-Apr-14,39
04-Apr-14,40
03-Apr-14,42.25
02-Apr-14,42
01-Apr-14,40.9
31-Mar-14,41.2
28-Mar-14,41.6
27-Mar-14,36
26-Mar-14,36.74
25-Mar-14,39.7
24-Mar-14,42.5
21-Mar-14,40.5
20-Mar-14,39.3
19-Mar-14,39.8
18-Mar-14,43.55
17-Mar-14,46.6
14-Mar-14,47.25
13-Mar-14,42.5
12-Mar-14,42.5
11-Mar-14,42.5
10-Mar-14,42.8
07-Mar-14,41.5
06-Mar-14,42
05-Mar-14,42.3
04-Mar-14,43.45
03-Mar-14,45.65
28-Feb-14,41.25
27-Feb-14,41.5
26-Feb-14,41.5
25-Feb-14,39.7
24-Feb-14,40.75
21-Feb-14,40.51
20-Feb-14,40.51
19-Feb-14,40.01
18-Feb-14,40.51
17-Feb-14,41.5
14-Feb-14,42.05
13-Feb-14,42.65
12-Feb-14,42.2
11-Feb-14,40.8
10-Feb-14,39
07-Feb-14,39
06-Feb-14,39.3
05-Feb-14,39.9
04-Feb-14,44.85
03-Feb-14,49.5
31-Jan-14,52.51
30-Jan-14,48
29-Jan-14,41.8
28-Jan-14,37
27-Jan-14,38.5
24-Jan-14,38.5
23-Jan-14,38
22-Jan-14,41
21-Jan-14,43.25
20-Jan-14,44.01
17-Jan-14,41.5
16-Jan-14,41.5
15-Jan-14,42.5
14-Jan-14,44.5
13-Jan-14,44
10-Jan-14,40.51
09-Jan-14,41.5
08-Jan-14,43.5
07-Jan-14,43.5
06-Jan-14,43.5
03-Jan-14,38.5
02-Jan-14,38.5
01-Jan-14,38
31-Dec-13,38.5
30-Dec-13,39.5
27-Dec-13,36
26-Dec-13,36.01
25-Dec-13,36
24-Dec-13,36.17
23-Dec-13,36
20-Dec-13,35.5
19-Dec-13,30.5
18-Dec-13,32.5
17-Dec-13,36.5
16-Dec-13,40.5
13-Dec-13,36.7
12-Dec-13,38.25
11-Dec-13,37.25
10-Dec-13,37
09-Dec-13,40.75
06-Dec-13,39.5
05-Dec-13,42.5
04-Dec-13,43.5
03-Dec-13,39.5
02-Dec-13,39.5
29-Nov-13,37.5
28-Nov-13,36.5
27-Nov-13,40.5
26-Nov-13,42.5
25-Nov-13,46.5
22-Nov-13,48.5
21-Nov-13,53.5
20-Nov-13,44.5
19-Nov-13,46
18-Nov-13,44
15-Nov-13,44.06
14-Nov-13,44.5
13-Nov-13,46.75
12-Nov-13,52.52
11-Nov-13,50.04
08-Nov-13,51
07-Nov-13,51.5
06-Nov-13,51.5
05-Nov-13,51.5
04-Nov-13,44.5
01-Nov-13,44.51
31-Oct-13,43.5
30-Oct-13,43.5
29-Oct-13,42
28-Oct-13,44.5
25-Oct-13,45.5
24-Oct-13,47
23-Oct-13,45.5
22-Oct-13,46.34
21-Oct-13,46.83
18-Oct-13,43.5
17-Oct-13,43.51
16-Oct-13,43.75
15-Oct-13,45.17
14-Oct-13,45
11-Oct-13,43.67
10-Oct-13,44.34
09-Oct-13,47.17
08-Oct-13,47
07-Oct-13,48.5
04-Oct-13,47
03-Oct-13,47.83
02-Oct-13,49.17
01-Oct-13,52
30-Sep-13,52.5
27-Sep-13,54
26-Sep-13,49.5
25-Sep-13,50.17
24-Sep-13,52.67
23-Sep-13,50.34
20-Sep-13,51.67
19-Sep-13,53.84
18-Sep-13,56.67
17-Sep-13,60.83
16-Sep-13,57.5
13-Sep-13,57.67
12-Sep-13,58
11-Sep-13,60
10-Sep-13,63.16
09-Sep-13,58.5
06-Sep-13,59.5
05-Sep-13,61.42
04-Sep-13,63.34
03-Sep-13,66
02-Sep-13,62.34
30-Aug-13,62
29-Aug-13,61.67
28-Aug-13,62
27-Aug-13,67.67
26-Aug-13,72.17
23-Aug-13,68.67
22-Aug-13,71.33
21-Aug-13,66.33
20-Aug-13,65.67
19-Aug-13,66.33
16-Aug-13,65.63
15-Aug-13,68
14-Aug-13,64.5
13-Aug-13,68.94
12-Aug-13,70.68
09-Aug-13,67
08-Aug-13,66.56
07-Aug-13,66.09
06-Aug-13,66.3
05-Aug-13,66.5
02-Aug-13,62.34
01-Aug-13,62.26
31-Jul-13,64.01
30-Jul-13,65.67
29-Jul-13,59.92
26-Jul-13,62
25-Jul-13,61.67
24-Jul-13,61.44
23-Jul-13,68.5
22-Jul-13,72.33
19-Jul-13,70.35
18-Jul-13,71.25
17-Jul-13,75.75
16-Jul-13,76.31
15-Jul-13,78.5
12-Jul-13,69.5
11-Jul-13,69
10-Jul-13,72.67
09-Jul-13,78
08-Jul-13,79
05-Jul-13,73
04-Jul-13,72.25
03-Jul-13,72
02-Jul-13,71
01-Jul-13,75.5
28-Jun-13,72
27-Jun-13,71.25
26-Jun-13,76.42
25-Jun-13,75.32
24-Jun-13,74.05
21-Jun-13,72
20-Jun-13,77
19-Jun-13,74
18-Jun-13,75.67
17-Jun-13,72
14-Jun-13,72.5
13-Jun-13,74
12-Jun-13,76.67
11-Jun-13,78
10-Jun-13,73
07-Jun-13,71.83
06-Jun-13,72
05-Jun-13,74.33
04-Jun-13,75
03-Jun-13,72
31-May-13,75.17
30-May-13,72
29-May-13,69.33
28-May-13,72
27-May-13,76.83
24-May-13,79.01
23-May-13,78.67
22-May-13,77
21-May-13,79
20-May-13,81
17-May-13,81.5
16-May-13,76
15-May-13,79
14-May-13,82
13-May-13,83.5
10-May-13,79
09-May-13,79
08-May-13,80
07-May-13,80.17
06-May-13,79.33
03-May-13,74.67
02-May-13,78.67
01-May-13,79.17
30-Apr-13,79
29-Apr-13,85
26-Apr-13,83.5
25-Apr-13,83
24-Apr-13,83.34
23-Apr-13,80
22-Apr-13,73
19-Apr-13,73.91
18-Apr-13,76
17-Apr-13,87
16-Apr-13,91
15-Apr-13,84.17
12-Apr-13,84
11-Apr-13,84
10-Apr-13,85
09-Apr-13,85
08-Apr-13,80
05-Apr-13,80.09
04-Apr-13,80.5
03-Apr-13,87
02-Apr-13,90
01-Apr-13,83.85
29-Mar-13,86
28-Mar-13,86
27-Mar-13,86
26-Mar-13,96
25-Mar-13,97.5
22-Mar-13,93
21-Mar-13,89.5
20-Mar-13,91.17
19-Mar-13,94.84
18-Mar-13,97.84
15-Mar-13,92.17
14-Mar-13,92.17
13-Mar-13,92.83
12-Mar-13,97.84
11-Mar-13,101.84
08-Mar-13,92.67
07-Mar-13,94.33
06-Mar-13,91.5
05-Mar-13,92.51
04-Mar-13,93.83
01-Mar-13,87.5
28-Feb-13,86
27-Feb-13,90.47
26-Feb-13,83.87
25-Feb-13,82.83
22-Feb-13,82.83
21-Feb-13,80.22
20-Feb-13,80.83
19-Feb-13,80.5
18-Feb-13,80.5
15-Feb-13,79.5
14-Feb-13,79.5
13-Feb-13,88.17
12-Feb-13,83.5
11-Feb-13,83.79
08-Feb-13,85
07-Feb-13,82.64
06-Feb-13,84
05-Feb-13,83.34
04-Feb-13,80.79
01-Feb-13,80.83
31-Jan-13,79.39
30-Jan-13,81.5
29-Jan-13,83
28-Jan-13,83.5
25-Jan-13,86.5
24-Jan-13,89.17
23-Jan-13,89.5
22-Jan-13,96.5
21-Jan-13,102.5
18-Jan-13,97
17-Jan-13,97
16-Jan-13,105.5
15-Jan-13,99
14-Jan-13,102.5
11-Jan-13,94
10-Jan-13,96.5
09-Jan-13,92
08-Jan-13,92
07-Jan-13,97.5
04-Jan-13,92
03-Jan-13,91.67
02-Jan-13,85.49
01-Jan-13,87.53
31-Dec-12,85.5
28-Dec-12,85.5
27-Dec-12,84.38
26-Dec-12,82.5
25-Dec-12,80.75
24-Dec-12,79
21-Dec-12,82.67
20-Dec-12,65.5
19-Dec-12,62.5
18-Dec-12,67.67
17-Dec-12,66.81
14-Dec-12,60
13-Dec-12,62.5
12-Dec-12,61.5
11-Dec-12,68.5
10-Dec-12,79
07-Dec-12,78.5
06-Dec-12,80
05-Dec-12,79
04-Dec-12,82
03-Dec-12,86.77
30-Nov-12,80.5
29-Nov-12,82.5
28-Nov-12,86
27-Nov-12,93
26-Nov-12,100.5
23-Nov-12,98.5
22-Nov-12,102
21-Nov-12,110.5
20-Nov-12,110.5
19-Nov-12,98
16-Nov-12,101.5
15-Nov-12,102
14-Nov-12,103.5
13-Nov-12,105
12-Nov-12,97.5
09-Nov-12,99
08-Nov-12,97.5
07-Nov-12,100
06-Nov-12,102
05-Nov-12,94
02-Nov-12,92.5
01-Nov-12,93
31-Oct-12,93
30-Oct-12,93
29-Oct-12,96
26-Oct-12,95
25-Oct-12,93
24-Oct-12,94.5
23-Oct-12,100
22-Oct-12,99.72
19-Oct-12,100.83
18-Oct-12,103.72
17-Oct-12,102
16-Oct-12,108.5
15-Oct-12,110.5
12-Oct-12,105.52
11-Oct-12,105.5
10-Oct-12,108.5
09-Oct-12,109.5
08-Oct-12,111.5
05-Oct-12,102.53
04-Oct-12,103.5
03-Oct-12,104
02-Oct-12,105
01-Oct-12,104.5
28-Sep-12,102.5
27-Sep-12,103
26-Sep-12,98.5
25-Sep-12,96
24-Sep-12,97.69
21-Sep-12,97.5
20-Sep-12,100
19-Sep-12,108
18-Sep-12,111.5
17-Sep-12,97.5
14-Sep-12,97.5
13-Sep-12,98.5
12-Sep-12,102.5
11-Sep-12,111.5
10-Sep-12,105
07-Sep-12,105
06-Sep-12,104.5
05-Sep-12,110.67
04-Sep-12,113
03-Sep-12,103
31-Aug-12,103.5
30-Aug-12,101.5
29-Aug-12,96
28-Aug-12,97.5
27-Aug-12,104.5
24-Aug-12,111.39
23-Aug-12,114.21
22-Aug-12,119.23
21-Aug-12,116.76
20-Aug-12,118
17-Aug-12,117.5
16-Aug-12,113.5
15-Aug-12,112.5
14-Aug-12,116.5
13-Aug-12,118.5
10-Aug-12,109.5
09-Aug-12,109.5
08-Aug-12,107
07-Aug-12,110
06-Aug-12,113
03-Aug-12,106.5
02-Aug-12,109.5
01-Aug-12,111.5
31-Jul-12,113.5
30-Jul-12,116.5
27-Jul-12,106.5
26-Jul-12,107.5
25-Jul-12,111.5
24-Jul-12,115.5
23-Jul-12,117.5
20-Jul-12,108.5
19-Jul-12,107.5
18-Jul-12,111.5
17-Jul-12,114.5
16-Jul-12,118.5
13-Jul-12,109.5
12-Jul-12,109
11-Jul-12,107.5
10-Jul-12,107
09-Jul-12,110
06-Jul-12,103.5
05-Jul-12,103
04-Jul-12,103.5
03-Jul-12,103
02-Jul-12,97
29-Jun-12,95.72
28-Jun-12,95.5
27-Jun-12,94.5
26-Jun-12,94.98
25-Jun-12,92.5
22-Jun-12,92.5
21-Jun-12,92.5
20-Jun-12,96.29
19-Jun-12,106.5
18-Jun-12,102.03
15-Jun-12,106.22
14-Jun-12,108
13-Jun-12,121.93
12-Jun-12,117.5
11-Jun-12,108.74
08-Jun-12,110.17
07-Jun-12,108.79
06-Jun-12,114.24
05-Jun-12,117
04-Jun-12,112
01-Jun-12,111.48
31-May-12,115.5
30-May-12,114.52
29-May-12,109.5
28-May-12,108.57
25-May-12,109.52
24-May-12,110.5
23-May-12,111.57
22-May-12,109
21-May-12,112.55
18-May-12,106.48
17-May-12,105.52
16-May-12,105.5
15-May-12,105.5
14-May-12,108.5
11-May-12,101.26
10-May-12,100.5
09-May-12,101.55
08-May-12,103.26
07-May-12,103.5
04-May-12,97.22
03-May-12,97.31
02-May-12,101.5
01-May-12,108
30-Apr-12,107.5
27-Apr-12,107.76
26-Apr-12,111.19
25-Apr-12,114.43
24-Apr-12,110.5
23-Apr-12,100.55
20-Apr-12,99.31
19-Apr-12,99
18-Apr-12,102.64
17-Apr-12,107.5
16-Apr-12,102.54
13-Apr-12,103
12-Apr-12,103
11-Apr-12,104.31
10-Apr-12,102.5
09-Apr-12,97.5
06-Apr-12,97.37
05-Apr-12,96.47
04-Apr-12,97
03-Apr-12,99.5
02-Apr-12,92.5
30-Mar-12,92.5
29-Mar-12,94.03
28-Mar-12,88.5
27-Mar-12,91.5
26-Mar-12,94.18
23-Mar-12,95.5
22-Mar-12,98.4
21-Mar-12,99.95
20-Mar-12,95
19-Mar-12,98
16-Mar-12,97
15-Mar-12,96.5
14-Mar-12,96.5
13-Mar-12,97.5
12-Mar-12,111.02
09-Mar-12,96
08-Mar-12,96
07-Mar-12,100
06-Mar-12,102
05-Mar-12,104
02-Mar-12,107
01-Mar-12,98
29-Feb-12,96
28-Feb-12,103.5
27-Feb-12,99
24-Feb-12,93.5
23-Feb-12,93.5
22-Feb-12,99.5
21-Feb-12,95.25
20-Feb-12,99.9
17-Feb-12,100
16-Feb-12,98.5
15-Feb-12,98
14-Feb-12,95.5
13-Feb-12,97.5
10-Feb-12,85.5
09-Feb-12,84
08-Feb-12,90
07-Feb-12,84.5
06-Feb-12,82.5
03-Feb-12,80.5
02-Feb-12,80.5
01-Feb-12,88.5
31-Jan-12,80.5
30-Jan-12,79
27-Jan-12,77.5
26-Jan-12,77.5
25-Jan-12,79.5
24-Jan-12,81
23-Jan-12,83.5
20-Jan-12,82
19-Jan-12,75.5
18-Jan-12,70.5
17-Jan-12,70.5
16-Jan-12,67.5
13-Jan-12,62.5
12-Jan-12,62.5
11-Jan-12,69.5
10-Jan-12,94.5
09-Jan-12,102.5
06-Jan-12,101
05-Jan-12,104.5
04-Jan-12,89
03-Jan-12,85.5
02-Jan-12,72.5
30-Dec-11,60
29-Dec-11,72.5
28-Dec-11,60
27-Dec-11,48
26-Dec-11,48
23-Dec-11,48
22-Dec-11,45
21-Dec-11,45
20-Dec-11,50.5
19-Dec-11,50.5
16-Dec-11,47
15-Dec-11,44
14-Dec-11,47.5
13-Dec-11,50.5
12-Dec-11,56
09-Dec-11,50
08-Dec-11,52
07-Dec-11,50.05
06-Dec-11,52.55
05-Dec-11,59.5
02-Dec-11,57.5
01-Dec-11,59
30-Nov-11,68
29-Nov-11,89.5
28-Nov-11,92.5
25-Nov-11,99.18
24-Nov-11,89.5
23-Nov-11,95.05
22-Nov-11,94.55
21-Nov-11,90.5
18-Nov-11,89.5
17-Nov-11,91.5
16-Nov-11,96
15-Nov-11,93.5
14-Nov-11,86.5
11-Nov-11,83.5
10-Nov-11,86
09-Nov-11,90
08-Nov-11,91.5
07-Nov-11,87.5
04-Nov-11,87.5
03-Nov-11,86.9
02-Nov-11,85.95
01-Nov-11,83.55
31-Oct-11,81.5
28-Oct-11,80.26
27-Oct-11,77.29
26-Oct-11,86.45
25-Oct-11,82.4
24-Oct-11,82.15
21-Oct-11,77.31
20-Oct-11,78.5
19-Oct-11,76.5
18-Oct-11,77.5
17-Oct-11,77.79
14-Oct-11,72.5
13-Oct-11,80.1
12-Oct-11,80.3
11-Oct-11,81.8
10-Oct-11,79.55
07-Oct-11,81.53
06-Oct-11,88.9
05-Oct-11,92.99
04-Oct-11,81.55
03-Oct-11,88.7
30-Sep-11,78.5
29-Sep-11,78.5
28-Sep-11,71.5
27-Sep-11,76.8
26-Sep-11,73.2
23-Sep-11,74.5
22-Sep-11,79.5
21-Sep-11,79.95
20-Sep-11,80
19-Sep-11,80.45
16-Sep-11,76.5
15-Sep-11,79.61
14-Sep-11,82
13-Sep-11,79.55
12-Sep-11,67.5
09-Sep-11,66.5
08-Sep-11,64.5
07-Sep-11,66.5
06-Sep-11,63.65
05-Sep-11,62
02-Sep-11,62
01-Sep-11,63.3
31-Aug-11,61.5
30-Aug-11,60.54
29-Aug-11,65.1
26-Aug-11,62.5
25-Aug-11,57.41
24-Aug-11,63.5
23-Aug-11,63
22-Aug-11,66.2
19-Aug-11,66.78
18-Aug-11,64.55
17-Aug-11,64.25
16-Aug-11,66.5
15-Aug-11,67.55
12-Aug-11,63.5
11-Aug-11,62.15
10-Aug-11,62.5
09-Aug-11,62
08-Aug-11,65.05
05-Aug-11,63.5
04-Aug-11,65
03-Aug-11,70
02-Aug-11,77.35
01-Aug-11,79
29-Jul-11,71
28-Jul-11,71
27-Jul-11,74.74
26-Jul-11,72.3
25-Jul-11,73.15
22-Jul-11,70.5
21-Jul-11,74.25
20-Jul-11,79.32
19-Jul-11,75
18-Jul-11,78.7
15-Jul-11,73
14-Jul-11,73
13-Jul-11,72.5
12-Jul-11,74.5
11-Jul-11,80.95
08-Jul-11,72
07-Jul-11,72.1
06-Jul-11,77.78
05-Jul-11,76.95
04-Jul-11,76
01-Jul-11,70
30-Jun-11,64.65
29-Jun-11,64.1
28-Jun-11,63.15
27-Jun-11,66.7
24-Jun-11,64
23-Jun-11,67.6
22-Jun-11,67.35
21-Jun-11,64.55
20-Jun-11,64.8
17-Jun-11,63.25
16-Jun-11,67.9
15-Jun-11,78.5
14-Jun-11,77.8
13-Jun-11,69.5
10-Jun-11,69.78
09-Jun-11,69.5
08-Jun-11,71.5
07-Jun-11,72.2
06-Jun-11,69.29
03-Jun-11,69.5
02-Jun-11,70.5
01-Jun-11,74.4
31-May-11,74.3
30-May-11,73.15
27-May-11,69.19
26-May-11,73
25-May-11,74.25
24-May-11,78
23-May-11,77.5
20-May-11,81.81
19-May-11,76.64
18-May-11,80.69
17-May-11,79.25
16-May-11,78.72
13-May-11,74.02
12-May-11,75.08
11-May-11,79.15
10-May-11,78.36
09-May-11,84.15
06-May-11,74.5
05-May-11,75.7
04-May-11,77.6
03-May-11,76.93
02-May-11,77.36
29-Apr-11,72.57
28-Apr-11,72.34
27-Apr-11,75.65
26-Apr-11,77.44
25-Apr-11,80.72
22-Apr-11,71
21-Apr-11,71.16
20-Apr-11,80.42
19-Apr-11,77.41
18-Apr-11,79.65
15-Apr-11,76.07
14-Apr-11,80.81
13-Apr-11,81.25
12-Apr-11,78.7
11-Apr-11,72.25
08-Apr-11,72.35
07-Apr-11,71.75
06-Apr-11,73.69
05-Apr-11,77.5
04-Apr-11,80.26
01-Apr-11,73.17
31-Mar-11,73.47
30-Mar-11,76.95
29-Mar-11,73.8
28-Mar-11,73.02
25-Mar-11,74.5
24-Mar-11,78.03
23-Mar-11,83.15
22-Mar-11,82.95
21-Mar-11,85.75
18-Mar-11,87.53
17-Mar-11,81.7
16-Mar-11,81.45
15-Mar-11,84.5
14-Mar-11,84.84
11-Mar-11,85
10-Mar-11,87.25
09-Mar-11,86.4
08-Mar-11,87
07-Mar-11,87.3
04-Mar-11,84
03-Mar-11,86.65
02-Mar-11,87.1
01-Mar-11,87.9
28-Feb-11,91
25-Feb-11,85.5
24-Feb-11,85
23-Feb-11,76.5
22-Feb-11,77
21-Feb-11,76.5
18-Feb-11,76.5
17-Feb-11,76
16-Feb-11,77.5
15-Feb-11,77.5
14-Feb-11,79.25
11-Feb-11,81.5
10-Feb-11,83
09-Feb-11,77.5
08-Feb-11,78
07-Feb-11,78
04-Feb-11,75.5
03-Feb-11,77.85
02-Feb-11,77
01-Feb-11,77.25
31-Jan-11,76.5
28-Jan-11,75.5
27-Jan-11,80.8
26-Jan-11,86.65
25-Jan-11,89.65
24-Jan-11,83.85
21-Jan-11,83.5
20-Jan-11,84.8
19-Jan-11,86.45
18-Jan-11,88.55
17-Jan-11,94.4
14-Jan-11,80.5
13-Jan-11,80.5
12-Jan-11,81.3
11-Jan-11,80.62
10-Jan-11,83.2
07-Jan-11,73
06-Jan-11,75.1
05-Jan-11,71.65
04-Jan-11,73.72
03-Jan-11,75.8
31-Dec-10,63.17
30-Dec-10,62.89
29-Dec-10,54.59
28-Dec-10,57
27-Dec-10,59
24-Dec-10,64.75
23-Dec-10,55.77
22-Dec-10,62.48
21-Dec-10,69.69
20-Dec-10,73
17-Dec-10,69
16-Dec-10,74.85
15-Dec-10,72.5
14-Dec-10,79.04
13-Dec-10,82.5
10-Dec-10,76
09-Dec-10,77.5
08-Dec-10,77.8
07-Dec-10,82.75
06-Dec-10,83.6
03-Dec-10,77
02-Dec-10,80.45
01-Dec-10,80.35
30-Nov-10,81.55
29-Nov-10,73.4
26-Nov-10,70.5
25-Nov-10,69.5
24-Nov-10,71.5
23-Nov-10,73.5
22-Nov-10,78.5
19-Nov-10,78.5
18-Nov-10,77.25
17-Nov-10,78.25
16-Nov-10,80.5
15-Nov-10,75
12-Nov-10,71.5
11-Nov-10,72.5
10-Nov-10,72.5
09-Nov-10,71.5
08-Nov-10,72.2
05-Nov-10,69.5
04-Nov-10,69.55
03-Nov-10,69.5
02-Nov-10,69.4
01-Nov-10,65.5
29-Oct-10,65.5
28-Oct-10,66
27-Oct-10,72.55
26-Oct-10,72.35
25-Oct-10,68.95
22-Oct-10,69
21-Oct-10,70.5
20-Oct-10,69.45
19-Oct-10,70.5
18-Oct-10,70.85
15-Oct-10,66.75
14-Oct-10,68.8
13-Oct-10,67.51
12-Oct-10,70.5
11-Oct-10,69.65
08-Oct-10,68.01
07-Oct-10,73.1
06-Oct-10,72.45
05-Oct-10,75.55
04-Oct-10,77
01-Oct-10,72
30-Sep-10,74.5
29-Sep-10,74.1
28-Sep-10,73.3
27-Sep-10,74.51
24-Sep-10,75.5
23-Sep-10,77.3
22-Sep-10,76.9
21-Sep-10,78.05
20-Sep-10,77.7
17-Sep-10,78
16-Sep-10,77.9
15-Sep-10,80.01
14-Sep-10,83.51
13-Sep-10,80.5
10-Sep-10,82
09-Sep-10,82.3
08-Sep-10,88.85
07-Sep-10,87.8
06-Sep-10,79.05
03-Sep-10,78.5
02-Sep-10,79.5
01-Sep-10,77
31-Aug-10,85
30-Aug-10,77
27-Aug-10,77.01
26-Aug-10,78.5
25-Aug-10,79
24-Aug-10,81
23-Aug-10,83
20-Aug-10,77
19-Aug-10,76.5
18-Aug-10,78
17-Aug-10,78.3
16-Aug-10,78.5
13-Aug-10,75.5
12-Aug-10,76
11-Aug-10,78.75
10-Aug-10,76
09-Aug-10,80.9
06-Aug-10,74
05-Aug-10,80.65
04-Aug-10,80.55
03-Aug-10,80.01
02-Aug-10,82.68
30-Jul-10,77
29-Jul-10,78.17
28-Jul-10,82.75
27-Jul-10,83.55
26-Jul-10,81.55
23-Jul-10,80
22-Jul-10,82.2
21-Jul-10,83.05
20-Jul-10,83.2
19-Jul-10,75.5
16-Jul-10,78
15-Jul-10,70.5
14-Jul-10,70
13-Jul-10,71.58
12-Jul-10,72
09-Jul-10,70
08-Jul-10,70
07-Jul-10,73
06-Jul-10,73.63
05-Jul-10,76.5
02-Jul-10,73
01-Jul-10,72.5
30-Jun-10,81.9
29-Jun-10,81.95
28-Jun-10,79.1
25-Jun-10,72.5
24-Jun-10,78.45
23-Jun-10,76.5
22-Jun-10,79.5
21-Jun-10,80.45
18-Jun-10,77
17-Jun-10,79.4
16-Jun-10,83.2
15-Jun-10,85.65
14-Jun-10,82.25
11-Jun-10,82
10-Jun-10,80.5
09-Jun-10,86.1
08-Jun-10,83.5
07-Jun-10,84
04-Jun-10,79.6
03-Jun-10,74.35
02-Jun-10,79.03
01-Jun-10,78
31-May-10,71.05
28-May-10,70
27-May-10,72.95
26-May-10,77.65
25-May-10,80
24-May-10,76.47
21-May-10,83
20-May-10,81.05
19-May-10,79.97
18-May-10,83.7
17-May-10,84
14-May-10,80
13-May-10,80
12-May-10,81.72
11-May-10,86.53
10-May-10,87
07-May-10,84.5
06-May-10,85
05-May-10,77.02
04-May-10,77.24
03-May-10,83
30-Apr-10,78
29-Apr-10,78
28-Apr-10,69.3
27-Apr-10,70.4
26-Apr-10,75.7
23-Apr-10,74
22-Apr-10,70.02
21-Apr-10,77.25
20-Apr-10,80.5
19-Apr-10,77.05
16-Apr-10,71.5
15-Apr-10,68.57
14-Apr-10,76
13-Apr-10,76.25
12-Apr-10,73.5
09-Apr-10,76
08-Apr-10,72.77
07-Apr-10,77.8
06-Apr-10,76.3
05-Apr-10,71.58
02-Apr-10,71.58
01-Apr-10,75.4
31-Mar-10,75.65
30-Mar-10,82.55
29-Mar-10,77.9
26-Mar-10,81
25-Mar-10,86.65
24-Mar-10,83
23-Mar-10,84.9
22-Mar-10,84.7
19-Mar-10,79
18-Mar-10,79
17-Mar-10,82.75
16-Mar-10,82.95
15-Mar-10,86.78
12-Mar-10,87
11-Mar-10,84.15
10-Mar-10,86
09-Mar-10,87
08-Mar-10,86.65
05-Mar-10,86
04-Mar-10,93.6
03-Mar-10,92.8
02-Mar-10,93
01-Mar-10,97
26-Feb-10,100
25-Feb-10,82
24-Feb-10,96
23-Feb-10,80.85
22-Feb-10,82
19-Feb-10,83
18-Feb-10,80.1
17-Feb-10,80.2
16-Feb-10,79.2
15-Feb-10,81
12-Feb-10,81
11-Feb-10,80
10-Feb-10,81
09-Feb-10,81.65
08-Feb-10,82.5
05-Feb-10,88
04-Feb-10,82.13
03-Feb-10,83
02-Feb-10,84.75
01-Feb-10,85
29-Jan-10,83
28-Jan-10,83
27-Jan-10,83.25
26-Jan-10,84.3
25-Jan-10,84
22-Jan-10,88
21-Jan-10,92.5
20-Jan-10,90.85
19-Jan-10,89.75
18-Jan-10,90
15-Jan-10,85
14-Jan-10,85
13-Jan-10,89
12-Jan-10,91.55
11-Jan-10,86.5
08-Jan-10,87
07-Jan-10,87.6
06-Jan-10,88
05-Jan-10,91
04-Jan-10,94
01-Jan-10,90
31-Dec-09,89.45
30-Dec-09,88.5
29-Dec-09,84
28-Dec-09,89.3
25-Dec-09,89.75
24-Dec-09,87.5
23-Dec-09,89.83
22-Dec-09,91
21-Dec-09,96.5
18-Dec-09,89
17-Dec-09,89.2
16-Dec-09,92
15-Dec-09,92
14-Dec-09,87.85
11-Dec-09,82
10-Dec-09,82
09-Dec-09,83
08-Dec-09,85
07-Dec-09,89.7
04-Dec-09,83
03-Dec-09,88
02-Dec-09,88.05
01-Dec-09,88.78
30-Nov-09,96.75
27-Nov-09,97
26-Nov-09,87
25-Nov-09,85
24-Nov-09,86.75
23-Nov-09,90
20-Nov-09,98
19-Nov-09,86.25
18-Nov-09,85.18
17-Nov-09,89
16-Nov-09,85.05
13-Nov-09,82.49
12-Nov-09,85.7
11-Nov-09,88
10-Nov-09,93
09-Nov-09,94
06-Nov-09,89
05-Nov-09,89.5
04-Nov-09,93
03-Nov-09,97.05
02-Nov-09,91
30-Oct-09,91
29-Oct-09,93.2
28-Oct-09,98.05
27-Oct-09,97.45
26-Oct-09,96.95
23-Oct-09,92
22-Oct-09,90.5
21-Oct-09,95.4
20-Oct-09,95.45
19-Oct-09,98.5
16-Oct-09,93
15-Oct-09,97.23
14-Oct-09,97.3
13-Oct-09,100.5
12-Oct-09,105.48
09-Oct-09,100
08-Oct-09,102.35
07-Oct-09,100.85
06-Oct-09,103.2
05-Oct-09,102.75
02-Oct-09,101.83
01-Oct-09,105.45
30-Sep-09,106.5
29-Sep-09,102.57
28-Sep-09,98.91
25-Sep-09,100.28
24-Sep-09,98.85
23-Sep-09,104
22-Sep-09,106.85
21-Sep-09,111
18-Sep-09,100
17-Sep-09,99.2
16-Sep-09,103
15-Sep-09,109.8
14-Sep-09,107
11-Sep-09,106.27
10-Sep-09,61.36
09-Sep-09,59.79
08-Sep-09,114.79
07-Sep-09,110.5
04-Sep-09,113
03-Sep-09,113
02-Sep-09,117
01-Sep-09,117.5
31-Aug-09,110
28-Aug-09,109
27-Aug-09,109
26-Aug-09,112
25-Aug-09,113.5
24-Aug-09,123
21-Aug-09,112
20-Aug-09,113
19-Aug-09,113
18-Aug-09,118
17-Aug-09,127.5
14-Aug-09,115
13-Aug-09,122.2
12-Aug-09,123.2
11-Aug-09,123.5
10-Aug-09,128.55
07-Aug-09,117
06-Aug-09,118.7
05-Aug-09,124.8
04-Aug-09,124.8
03-Aug-09,127
31-Jul-09,116
30-Jul-09,121
29-Jul-09,121
28-Jul-09,123
27-Jul-09,128
24-Jul-09,133
23-Jul-09,134
22-Jul-09,135
21-Jul-09,139
20-Jul-09,143
17-Jul-09,151
16-Jul-09,152
15-Jul-09,134.5
14-Jul-09,140
13-Jul-09,145
10-Jul-09,135
09-Jul-09,135
08-Jul-09,140
07-Jul-09,140
06-Jul-09,146.95
03-Jul-09,130
02-Jul-09,139
01-Jul-09,135
30-Jun-09,143.5
29-Jun-09,145
26-Jun-09,140
25-Jun-09,135
24-Jun-09,140
23-Jun-09,146.5
22-Jun-09,135
19-Jun-09,135
18-Jun-09,138.5
17-Jun-09,143.5
16-Jun-09,145
15-Jun-09,140.5
12-Jun-09,137
11-Jun-09,130.5
10-Jun-09,140
09-Jun-09,142
08-Jun-09,137.5
05-Jun-09,140
04-Jun-09,130.5
03-Jun-09,136
02-Jun-09,150
01-Jun-09,135
29-May-09,140
28-May-09,130.5
27-May-09,139.5
26-May-09,145
25-May-09,140
22-May-09,135
21-May-09,131.5
20-May-09,132
19-May-09,138.5
18-May-09,150
15-May-09,140
14-May-09,140
13-May-09,139
12-May-09,138.5
11-May-09,145
08-May-09,135
07-May-09,137
06-May-09,140
05-May-09,140
04-May-09,150
01-May-09,145
30-Apr-09,155
29-Apr-09,145
28-Apr-09,150
27-Apr-09,155
24-Apr-09,155
23-Apr-09,150
22-Apr-09,155
21-Apr-09,160
20-Apr-09,140
17-Apr-09,135
16-Apr-09,130
15-Apr-09,140
14-Apr-09,140
13-Apr-09,135
10-Apr-09,135
09-Apr-09,135
08-Apr-09,140
07-Apr-09,150
06-Apr-09,140
03-Apr-09,140
02-Apr-09,145
01-Apr-09,167
31-Mar-09,180
30-Mar-09,190
27-Mar-09,140
26-Mar-09,140
25-Mar-09,140
24-Mar-09,145
23-Mar-09,148.5
20-Mar-09,140
19-Mar-09,140
18-Mar-09,138.5
17-Mar-09,149
16-Mar-09,145
13-Mar-09,140
12-Mar-09,143.5
11-Mar-09,155
10-Mar-09,165
09-Mar-09,155
06-Mar-09,141
05-Mar-09,130
04-Mar-09,130
03-Mar-09,170
02-Mar-09,145
27-Feb-09,140
26-Feb-09,156.5
25-Feb-09,162.5
24-Feb-09,150
23-Feb-09,142.5
20-Feb-09,160
19-Feb-09,137
18-Feb-09,146
17-Feb-09,140
16-Feb-09,153
13-Feb-09,135
12-Feb-09,139
11-Feb-09,135
10-Feb-09,130
09-Feb-09,130
06-Feb-09,135
05-Feb-09,140
04-Feb-09,140
03-Feb-09,140
02-Feb-09,135
30-Jan-09,140
29-Jan-09,124
28-Jan-09,120
27-Jan-09,123.5
26-Jan-09,125
23-Jan-09,140
22-Jan-09,132.5
21-Jan-09,128.5
20-Jan-09,140
19-Jan-09,145.5
16-Jan-09,135
15-Jan-09,140
14-Jan-09,137
13-Jan-09,150.15
12-Jan-09,135
09-Jan-09,123
08-Jan-09,109.95
07-Jan-09,105.5
06-Jan-09,102
05-Jan-09,103.74
02-Jan-09,95
01-Jan-09,90
31-Dec-08,95
30-Dec-08,109
29-Dec-08,85
26-Dec-08,104
25-Dec-08,103
24-Dec-08,90.5
23-Dec-08,101
22-Dec-08,85
19-Dec-08,100
18-Dec-08,105.5
17-Dec-08,102.5
16-Dec-08,117
15-Dec-08,127
12-Dec-08,101
11-Dec-08,100
10-Dec-08,121
09-Dec-08,127
08-Dec-08,101.26
05-Dec-08,105
04-Dec-08,117
03-Dec-08,98.75
02-Dec-08,125
01-Dec-08,111.13
28-Nov-08,117
27-Nov-08,115
26-Nov-08,131.9
25-Nov-08,130.9
24-Nov-08,156.4
21-Nov-08,161
20-Nov-08,166
19-Nov-08,137
18-Nov-08,147.6
17-Nov-08,132
14-Nov-08,132
13-Nov-08,145
12-Nov-08,147
11-Nov-08,156
10-Nov-08,140
07-Nov-08,95
06-Nov-08,129
05-Nov-08,118
04-Nov-08,132
03-Nov-08,94
31-Oct-08,100
30-Oct-08,115.19
29-Oct-08,106.2
28-Oct-08,156.75
27-Oct-08,146.5
24-Oct-08,195.5
23-Oct-08,132.5
22-Oct-08,150.5
21-Oct-08,97.5
20-Oct-08,87.5
17-Oct-08,45.5
16-Oct-08,45.5
15-Oct-08,25.5
14-Oct-08,25.5
13-Oct-08,30.5
10-Oct-08,20.5
09-Oct-08,17.34
08-Oct-08,52.82
07-Oct-08,52.82
06-Oct-08,60.5
03-Oct-08,42.5
02-Oct-08,52.34
01-Oct-08,51.57
30-Sep-08,54
29-Sep-08,53.5
26-Sep-08,47.14
25-Sep-08,47.24
24-Sep-08,42.5
23-Sep-08,45
22-Sep-08,62.5
19-Sep-08,49.5
18-Sep-08,40.5
17-Sep-08,63.5
16-Sep-08,74
15-Sep-08,82
12-Sep-08,81
11-Sep-08,84
10-Sep-08,88
09-Sep-08,91
08-Sep-08,81
05-Sep-08,82
04-Sep-08,80
03-Sep-08,82
02-Sep-08,84
01-Sep-08,78.5
29-Aug-08,77
28-Aug-08,76.5
27-Aug-08,81
26-Aug-08,83
25-Aug-08,87.5
22-Aug-08,81
21-Aug-08,82
20-Aug-08,82
19-Aug-08,82
18-Aug-08,85
15-Aug-08,82
14-Aug-08,81
13-Aug-08,80
12-Aug-08,83
11-Aug-08,84
08-Aug-08,79
07-Aug-08,77
06-Aug-08,77
05-Aug-08,79
04-Aug-08,80
01-Aug-08,74
31-Jul-08,73
30-Jul-08,75
29-Jul-08,66
28-Jul-08,68
25-Jul-08,71
24-Jul-08,71.5
23-Jul-08,70
22-Jul-08,69
21-Jul-08,74
18-Jul-08,70
17-Jul-08,70
16-Jul-08,70
15-Jul-08,70
14-Jul-08,71
11-Jul-08,67
10-Jul-08,68
09-Jul-08,68
08-Jul-08,72
07-Jul-08,74.5
04-Jul-08,70
03-Jul-08,71
02-Jul-08,73
01-Jul-08,75
30-Jun-08,77
27-Jun-08,74.5
26-Jun-08,72
25-Jun-08,73
24-Jun-08,76
23-Jun-08,74
20-Jun-08,75.5
19-Jun-08,75
18-Jun-08,77
17-Jun-08,80
16-Jun-08,77
13-Jun-08,77
12-Jun-08,78
11-Jun-08,81
10-Jun-08,81
09-Jun-08,78
06-Jun-08,78
05-Jun-08,77
04-Jun-08,78
03-Jun-08,80
02-Jun-08,82
30-May-08,75
29-May-08,74
28-May-08,77
27-May-08,81.5
26-May-08,85.5
23-May-08,79
22-May-08,78
21-May-08,77
20-May-08,81
19-May-08,84.5
16-May-08,79.5
15-May-08,80.22
14-May-08,79
13-May-08,81.13
12-May-08,83.25
09-May-08,84.17
08-May-08,77
07-May-08,77
06-May-08,78
05-May-08,82.16
02-May-08,75.5
01-May-08,73
30-Apr-08,73
29-Apr-08,72
28-Apr-08,69
25-Apr-08,66
24-Apr-08,64
23-Apr-08,67
22-Apr-08,69
21-Apr-08,64
18-Apr-08,64
17-Apr-08,64
16-Apr-08,67
15-Apr-08,70
14-Apr-08,67
11-Apr-08,66
10-Apr-08,66
09-Apr-08,70
08-Apr-08,72
07-Apr-08,66
04-Apr-08,67
03-Apr-08,67
02-Apr-08,70
01-Apr-08,75
31-Mar-08,77
28-Mar-08,73
27-Mar-08,65
26-Mar-08,68.5
25-Mar-08,71
24-Mar-08,75
21-Mar-08,74.5
20-Mar-08,75
19-Mar-08,71
18-Mar-08,75
17-Mar-08,79
14-Mar-08,71
13-Mar-08,70
12-Mar-08,69
11-Mar-08,72
10-Mar-08,79.5
07-Mar-08,74.5
06-Mar-08,70
05-Mar-08,68.5
04-Mar-08,70
03-Mar-08,72
29-Feb-08,67
28-Feb-08,64
27-Feb-08,63
26-Feb-08,60.5
25-Feb-08,62
22-Feb-08,66.5
21-Feb-08,67
20-Feb-08,75
19-Feb-08,73
18-Feb-08,64
15-Feb-08,64
14-Feb-08,64
13-Feb-08,68.5
12-Feb-08,64.5
11-Feb-08,66.5
08-Feb-08,66
07-Feb-08,66
06-Feb-08,67
05-Feb-08,60
04-Feb-08,60
01-Feb-08,61
31-Jan-08,61
30-Jan-08,63
29-Jan-08,59.5
28-Jan-08,61.5
25-Jan-08,63
24-Jan-08,63
23-Jan-08,65.5
22-Jan-08,64
21-Jan-08,58
18-Jan-08,52.5
17-Jan-08,51
16-Jan-08,52
15-Jan-08,53.5
14-Jan-08,54
11-Jan-08,48
10-Jan-08,47
09-Jan-08,45.5
08-Jan-08,45
07-Jan-08,47
04-Jan-08,43.5
03-Jan-08,42
02-Jan-08,41
01-Jan-08,41
31-Dec-07,41
28-Dec-07,41
27-Dec-07,40
26-Dec-07,41
25-Dec-07,41
24-Dec-07,41
21-Dec-07,41
20-Dec-07,38
19-Dec-07,36.25
18-Dec-07,37
17-Dec-07,36
14-Dec-07,33.5
13-Dec-07,32
12-Dec-07,32
11-Dec-07,30
10-Dec-07,31
07-Dec-07,29
06-Dec-07,30
05-Dec-07,31
04-Dec-07,31
03-Dec-07,34
30-Nov-07,30
29-Nov-07,30
28-Nov-07,35
27-Nov-07,35
26-Nov-07,38
23-Nov-07,39.5
22-Nov-07,39.5
21-Nov-07,40.5
20-Nov-07,41
19-Nov-07,38.5
16-Nov-07,38.5
15-Nov-07,39.5
14-Nov-07,41
13-Nov-07,43
12-Nov-07,40
09-Nov-07,41.5
08-Nov-07,39.5
07-Nov-07,40.5
06-Nov-07,43
05-Nov-07,40
02-Nov-07,40
01-Nov-07,40
31-Oct-07,39.5
30-Oct-07,39.5
29-Oct-07,40
26-Oct-07,39
25-Oct-07,38
24-Oct-07,36.5
23-Oct-07,37
22-Oct-07,37
19-Oct-07,36
18-Oct-07,38.5
17-Oct-07,36.5
16-Oct-07,37
15-Oct-07,37
12-Oct-07,35
11-Oct-07,34
10-Oct-07,35
09-Oct-07,36
08-Oct-07,38
05-Oct-07,35
04-Oct-07,36.5
03-Oct-07,35
02-Oct-07,35
01-Oct-07,36
28-Sep-07,37
27-Sep-07,38
26-Sep-07,36
25-Sep-07,35
24-Sep-07,34
21-Sep-07,34
20-Sep-07,35
19-Sep-07,39
18-Sep-07,36.5
17-Sep-07,32.5
14-Sep-07,32
13-Sep-07,31
12-Sep-07,31
11-Sep-07,30
10-Sep-07,30.5
07-Sep-07,29
06-Sep-07,29
05-Sep-07,31.5
04-Sep-07,31
03-Sep-07,28
31-Aug-07,29
30-Aug-07,30.5
29-Aug-07,30.5
28-Aug-07,33.5
27-Aug-07,35.5
24-Aug-07,36.5
23-Aug-07,37
22-Aug-07,38
21-Aug-07,38.5
20-Aug-07,39.5
17-Aug-07,39.5
16-Aug-07,37.5
15-Aug-07,36.5
14-Aug-07,36
13-Aug-07,37
10-Aug-07,37
09-Aug-07,37.5
08-Aug-07,38
07-Aug-07,39
06-Aug-07,40
03-Aug-07,37.5
02-Aug-07,37.5
01-Aug-07,39
31-Jul-07,40
30-Jul-07,41
27-Jul-07,36
26-Jul-07,36
25-Jul-07,35.5
24-Jul-07,38
23-Jul-07,39
20-Jul-07,33.5
19-Jul-07,33.5
18-Jul-07,36
17-Jul-07,37.5
16-Jul-07,36.5
13-Jul-07,37
12-Jul-07,37
11-Jul-07,37
10-Jul-07,38
09-Jul-07,39
06-Jul-07,37
05-Jul-07,37
04-Jul-07,38.5
03-Jul-07,39.5
02-Jul-07,39
29-Jun-07,38
28-Jun-07,38.5
27-Jun-07,39.5
26-Jun-07,39.5
25-Jun-07,37.5
22-Jun-07,40.5
21-Jun-07,40.5
20-Jun-07,42.5
19-Jun-07,43
18-Jun-07,41.5
15-Jun-07,41.5
14-Jun-07,41.5
13-Jun-07,43
12-Jun-07,44.5
11-Jun-07,41
08-Jun-07,41
07-Jun-07,40.5
06-Jun-07,41.5
05-Jun-07,43
04-Jun-07,39
01-Jun-07,39
31-May-07,41
30-May-07,42
29-May-07,40.5
28-May-07,40
25-May-07,40.5
24-May-07,42
23-May-07,41
22-May-07,42
21-May-07,43
18-May-07,41
17-May-07,41
16-May-07,40.5
15-May-07,42
14-May-07,42.5
11-May-07,42
10-May-07,42.5
09-May-07,41.5
08-May-07,42.5
07-May-07,43.5
04-May-07,41.5
03-May-07,41
02-May-07,41
01-May-07,43.5
30-Apr-07,43
27-Apr-07,41.5
26-Apr-07,42
25-Apr-07,42
24-Apr-07,42.5
23-Apr-07,39.5
20-Apr-07,39
19-Apr-07,40
18-Apr-07,41
17-Apr-07,41
16-Apr-07,38
13-Apr-07,40
12-Apr-07,40.5
11-Apr-07,41.5
10-Apr-07,43.5
09-Apr-07,40
06-Apr-07,41
05-Apr-07,43.5
04-Apr-07,44
03-Apr-07,46.5
02-Apr-07,39.5
30-Mar-07,40
29-Mar-07,39
28-Mar-07,38
27-Mar-07,39
26-Mar-07,43
23-Mar-07,41
22-Mar-07,42
21-Mar-07,40
20-Mar-07,44
19-Mar-07,42.5
16-Mar-07,42
15-Mar-07,42.5
14-Mar-07,42.5
13-Mar-07,43
12-Mar-07,47
09-Mar-07,43
08-Mar-07,44
07-Mar-07,46
06-Mar-07,48
05-Mar-07,50
02-Mar-07,51
01-Mar-07,44.5
28-Feb-07,46.5
27-Feb-07,45.5
26-Feb-07,42.5
23-Feb-07,40.5
22-Feb-07,40.5
21-Feb-07,40.5
20-Feb-07,40.5
19-Feb-07,40.5
16-Feb-07,40.5
15-Feb-07,40.5
14-Feb-07,44.5
13-Feb-07,47
12-Feb-07,41.5
09-Feb-07,41
08-Feb-07,41
07-Feb-07,41
06-Feb-07,40.5
05-Feb-07,42
02-Feb-07,41.5
01-Feb-07,41
31-Jan-07,41
30-Jan-07,41.5
29-Jan-07,42
26-Jan-07,43.5
25-Jan-07,44.5
24-Jan-07,45.5
23-Jan-07,44.5
22-Jan-07,46
19-Jan-07,43.5
18-Jan-07,43.5
17-Jan-07,45.5
16-Jan-07,47
15-Jan-07,48
12-Jan-07,43.5
11-Jan-07,43.5
10-Jan-07,44.5
09-Jan-07,45.5
08-Jan-07,45.5
05-Jan-07,42.5
04-Jan-07,41.5
03-Jan-07,41.5
02-Jan-07,44.5
01-Jan-07,46
29-Dec-06,45.5
28-Dec-06,43.5
27-Dec-06,45.5
26-Dec-06,43.5
25-Dec-06,43.5
22-Dec-06,43.5
21-Dec-06,42.5
20-Dec-06,42.5
19-Dec-06,45
18-Dec-06,45.5
15-Dec-06,43.5
14-Dec-06,42.5
13-Dec-06,44
12-Dec-06,45
11-Dec-06,48
08-Dec-06,45.5
07-Dec-06,44.5
06-Dec-06,44.5
05-Dec-06,45.5
04-Dec-06,45.5
01-Dec-06,43.5
30-Nov-06,45.5
29-Nov-06,46.5
28-Nov-06,43
27-Nov-06,44.5
24-Nov-06,43
23-Nov-06,44
22-Nov-06,47.5
21-Nov-06,52.5
20-Nov-06,45.5
17-Nov-06,47.5
16-Nov-06,44.5
15-Nov-06,47.5
14-Nov-06,49
13-Nov-06,44.5
10-Nov-06,44.5
09-Nov-06,44.5
08-Nov-06,46.5
07-Nov-06,47.5
06-Nov-06,44.5
03-Nov-06,43.5
02-Nov-06,43
01-Nov-06,46.5
31-Oct-06,46.5
30-Oct-06,47.5
27-Oct-06,44
26-Oct-06,45.5
25-Oct-06,42
24-Oct-06,48
23-Oct-06,50.5
20-Oct-06,49
19-Oct-06,46
18-Oct-06,47
17-Oct-06,50.5
16-Oct-06,50.5
13-Oct-06,47
12-Oct-06,46.5
11-Oct-06,46.5
10-Oct-06,49
09-Oct-06,50
06-Oct-06,48.5
05-Oct-06,45
04-Oct-06,48.5
03-Oct-06,50.5
02-Oct-06,48.5
29-Sep-06,45.5
28-Sep-06,44
27-Sep-06,45
26-Sep-06,44.5
25-Sep-06,43.5
22-Sep-06,42.5
21-Sep-06,41.5
20-Sep-06,40
19-Sep-06,41
18-Sep-06,40
15-Sep-06,36.25
14-Sep-06,36.75
13-Sep-06,36.5
12-Sep-06,35.5
11-Sep-06,33.5
08-Sep-06,35.75
07-Sep-06,35.75
06-Sep-06,36.5
05-Sep-06,36.5
04-Sep-06,35
01-Sep-06,35
31-Aug-06,34.75
30-Aug-06,35.25
29-Aug-06,35
28-Aug-06,34.5
25-Aug-06,35
24-Aug-06,37
23-Aug-06,32.5
22-Aug-06,31.5
21-Aug-06,34.5
18-Aug-06,32.5
17-Aug-06,28.75
16-Aug-06,31
15-Aug-06,31.5
14-Aug-06,32
11-Aug-06,26.5
10-Aug-06,28.5
09-Aug-06,27.5
08-Aug-06,27.5
07-Aug-06,28.5
04-Aug-06,28.5
03-Aug-06,26.25
02-Aug-06,26.75
01-Aug-06,26.5
31-Jul-06,26.5
28-Jul-06,23.75
27-Jul-06,24.75
26-Jul-06,24.25
25-Jul-06,25.5
24-Jul-06,19.5
21-Jul-06,17.5
20-Jul-06,19
19-Jul-06,18.5
18-Jul-06,18.5
17-Jul-06,19
14-Jul-06,20.5
13-Jul-06,19.5
12-Jul-06,18.5
11-Jul-06,17.5
10-Jul-06,18
07-Jul-06,17.5
06-Jul-06,19.5
05-Jul-06,17.5
04-Jul-06,17
03-Jul-06,20
30-Jun-06,20
29-Jun-06,19
28-Jun-06,19
27-Jun-06,16.5
26-Jun-06,17
23-Jun-06,17.5
22-Jun-06,16.5
21-Jun-06,16.5
20-Jun-06,17.5
19-Jun-06,17.5
16-Jun-06,18.5
15-Jun-06,18.5
14-Jun-06,14.5
13-Jun-06,18.5
12-Jun-06,15.5
09-Jun-06,13.5
08-Jun-06,13.75
07-Jun-06,13.75
06-Jun-06,14.4
05-Jun-06,15.5
02-Jun-06,14
01-Jun-06,14.9
31-May-06,14.5
30-May-06,14.5
29-May-06,15
26-May-06,14.5
25-May-06,14
24-May-06,14.5
23-May-06,16
22-May-06,16
19-May-06,15.5
18-May-06,15.75
17-May-06,16.5
16-May-06,14.5
15-May-06,16.5
12-May-06,16
11-May-06,14.5
10-May-06,14.5
09-May-06,16.5
08-May-06,15
05-May-06,15.5
04-May-06,16
03-May-06,15.5
02-May-06,17
01-May-06,19.5
28-Apr-06,18.5
27-Apr-06,16.5
26-Apr-06,18.5
25-Apr-06,19
24-Apr-06,18.5
21-Apr-06,18.5
20-Apr-06,18.5
19-Apr-06,19
18-Apr-06,19.5
17-Apr-06,19
14-Apr-06,20
13-Apr-06,19.5
12-Apr-06,19.5
11-Apr-06,20.5
10-Apr-06,22.5
07-Apr-06,20.5
06-Apr-06,20.5
05-Apr-06,21.5
04-Apr-06,22
03-Apr-06,19.5
31-Mar-06,19.5
30-Mar-06,21.5
29-Mar-06,19.5
28-Mar-06,19.5
27-Mar-06,22
24-Mar-06,21
23-Mar-06,19.5
22-Mar-06,21
21-Mar-06,22
20-Mar-06,24
17-Mar-06,25.5
16-Mar-06,24.5
15-Mar-06,31.5
14-Mar-06,23.5
13-Mar-06,28
10-Mar-06,21.5
09-Mar-06,26.5
08-Mar-06,24.5
07-Mar-06,26
06-Mar-06,27.5
03-Mar-06,25.5
02-Mar-06,25
01-Mar-06,24
28-Feb-06,25
27-Feb-06,26
24-Feb-06,25
23-Feb-06,25
22-Feb-06,25
21-Feb-06,23.5
20-Feb-06,23.5
17-Feb-06,22.5
16-Feb-06,23
15-Feb-06,23.5
14-Feb-06,22.5
13-Feb-06,23.5
10-Feb-06,25
09-Feb-06,23.5
08-Feb-06,22.5
07-Feb-06,23.5
06-Feb-06,23
03-Feb-06,23.5
02-Feb-06,23.5
01-Feb-06,24.5
31-Jan-06,24.5
30-Jan-06,22.5
27-Jan-06,23.5
26-Jan-06,25.5
25-Jan-06,27
24-Jan-06,28
23-Jan-06,26
20-Jan-06,26.5
19-Jan-06,27
18-Jan-06,28.5
17-Jan-06,28
16-Jan-06,30
13-Jan-06,29
12-Jan-06,27.5
11-Jan-06,28
10-Jan-06,28
09-Jan-06,29
06-Jan-06,28
05-Jan-06,28.5
04-Jan-06,29
03-Jan-06,31
02-Jan-06,30
30-Dec-05,30.5
29-Dec-05,30
28-Dec-05,30
27-Dec-05,31
26-Dec-05,30
23-Dec-05,29.5
22-Dec-05,28.5
21-Dec-05,28
20-Dec-05,29
19-Dec-05,32
16-Dec-05,30
15-Dec-05,28
14-Dec-05,30
13-Dec-05,31
12-Dec-05,36
09-Dec-05,33
08-Dec-05,30.5
07-Dec-05,31
06-Dec-05,33.5
05-Dec-05,33
02-Dec-05,31.5
01-Dec-05,33
30-Nov-05,33.5
29-Nov-05,34.5
28-Nov-05,30.5
25-Nov-05,32.5
24-Nov-05,32
23-Nov-05,34.5
22-Nov-05,36.5
21-Nov-05,34
18-Nov-05,34
17-Nov-05,35.5
16-Nov-05,36
15-Nov-05,35.5
14-Nov-05,34.5
11-Nov-05,35.5
10-Nov-05,36
09-Nov-05,34
08-Nov-05,36.5
07-Nov-05,33.5
04-Nov-05,33.5
03-Nov-05,34
02-Nov-05,35
01-Nov-05,34.5
31-Oct-05,38.5
28-Oct-05,35.5
27-Oct-05,33.5
26-Oct-05,38.5
25-Oct-05,37
24-Oct-05,39.5
21-Oct-05,37
20-Oct-05,35.5
19-Oct-05,35
18-Oct-05,36
17-Oct-05,37.5
14-Oct-05,35
13-Oct-05,35.5
12-Oct-05,37
11-Oct-05,38
10-Oct-05,39.5
07-Oct-05,40
06-Oct-05,39
05-Oct-05,36
04-Oct-05,39
03-Oct-05,40
30-Sep-05,38
29-Sep-05,38
28-Sep-05,35
27-Sep-05,35.5
26-Sep-05,37.5
23-Sep-05,38
22-Sep-05,41
21-Sep-05,39.5
20-Sep-05,38.5
19-Sep-05,36
16-Sep-05,37.5
15-Sep-05,38.5
14-Sep-05,40.5
13-Sep-05,41
12-Sep-05,39
09-Sep-05,39
08-Sep-05,38.5
07-Sep-05,42
06-Sep-05,45.5
05-Sep-05,42
02-Sep-05,40
01-Sep-05,40
31-Aug-05,44.5
30-Aug-05,45.5
29-Aug-05,42
26-Aug-05,45.5
25-Aug-05,43
24-Aug-05,45.5
23-Aug-05,47
22-Aug-05,47
19-Aug-05,52
18-Aug-05,51.5
17-Aug-05,52
16-Aug-05,52
15-Aug-05,52
12-Aug-05,50.5
11-Aug-05,49.5
10-Aug-05,50.5
09-Aug-05,52
08-Aug-05,55
05-Aug-05,50.5
04-Aug-05,51.5
03-Aug-05,54.5
02-Aug-05,56.5
01-Aug-05,60.5
29-Jul-05,55.5
28-Jul-05,55.5
27-Jul-05,61.5
26-Jul-05,58
25-Jul-05,60.5
22-Jul-05,58
21-Jul-05,57
20-Jul-05,58
19-Jul-05,59
18-Jul-05,62
15-Jul-05,58.5
14-Jul-05,58.5
13-Jul-05,61.5
12-Jul-05,62.5
11-Jul-05,67
08-Jul-05,63
07-Jul-05,62.5
06-Jul-05,60.5
05-Jul-05,65
04-Jul-05,68
01-Jul-05,63
30-Jun-05,62.5
29-Jun-05,63
28-Jun-05,60
27-Jun-05,60.5
24-Jun-05,59.5
23-Jun-05,61
22-Jun-05,61.5
21-Jun-05,65.5
20-Jun-05,67.5
17-Jun-05,64
16-Jun-05,64.5
15-Jun-05,71
14-Jun-05,73
13-Jun-05,68
10-Jun-05,69
09-Jun-05,69
08-Jun-05,69.5
07-Jun-05,72.5
06-Jun-05,68.5
03-Jun-05,67.5
02-Jun-05,69
01-Jun-05,75
31-May-05,78.5
30-May-05,71
27-May-05,70.5
26-May-05,70
25-May-05,71.5
24-May-05,76.5
23-May-05,79
20-May-05,75
19-May-05,74.5
18-May-05,74
17-May-05,77
16-May-05,81
13-May-05,78.5
12-May-05,75
11-May-05,73
10-May-05,79.5
09-May-05,77.5
06-May-05,75
05-May-05,72.5
04-May-05,74
03-May-05,79.5
02-May-05,78.5
29-Apr-05,74.5
28-Apr-05,69
27-Apr-05,75
26-Apr-05,79
25-Apr-05,71.5
22-Apr-05,73
21-Apr-05,70
20-Apr-05,76
19-Apr-05,79.5
18-Apr-05,73
15-Apr-05,75.5
14-Apr-05,75.5
13-Apr-05,79
12-Apr-05,83
11-Apr-05,75
08-Apr-05,79
07-Apr-05,82
06-Apr-05,85.5
05-Apr-05,83
04-Apr-05,80.5
01-Apr-05,81
31-Mar-05,79.5
30-Mar-05,82.5
29-Mar-05,80
28-Mar-05,81.5
25-Mar-05,81
24-Mar-05,81
23-Mar-05,83.5
22-Mar-05,85.5
21-Mar-05,89
18-Mar-05,81.5
17-Mar-05,81
16-Mar-05,81
15-Mar-05,81
14-Mar-05,80.5
11-Mar-05,82.5
10-Mar-05,85
09-Mar-05,79.5
08-Mar-05,85.5
07-Mar-05,89
04-Mar-05,83.5
03-Mar-05,85
02-Mar-05,88
01-Mar-05,89
28-Feb-05,90.5
25-Feb-05,87
24-Feb-05,88.5
23-Feb-05,92.5
22-Feb-05,82
21-Feb-05,83
18-Feb-05,85.5
17-Feb-05,86.5
16-Feb-05,90
15-Feb-05,90
14-Feb-05,91.5
11-Feb-05,97.5
10-Feb-05,101
09-Feb-05,93.5
08-Feb-05,95.5
07-Feb-05,94
04-Feb-05,95.5
03-Feb-05,96
02-Feb-05,93
01-Feb-05,93
31-Jan-05,94.5
28-Jan-05,94.5
27-Jan-05,96
26-Jan-05,109.5
25-Jan-05,110.5
24-Jan-05,113
21-Jan-05,106.5
20-Jan-05,106
19-Jan-05,111.5
18-Jan-05,120.5
17-Jan-05,121.5
14-Jan-05,116.5
13-Jan-05,112.5
12-Jan-05,116
11-Jan-05,116
10-Jan-05,125
07-Jan-05,118
06-Jan-05,118
05-Jan-05,115
04-Jan-05,119.5
03-Jan-05,121.5
31-Dec-04,115
30-Dec-04,115
29-Dec-04,115
28-Dec-04,118
27-Dec-04,122.5
24-Dec-04,116.5
23-Dec-04,116
22-Dec-04,117
21-Dec-04,120.5
20-Dec-04,122.5
17-Dec-04,117
16-Dec-04,119
15-Dec-04,121
14-Dec-04,125.5
13-Dec-04,129.5
10-Dec-04,119.5
09-Dec-04,115.5
08-Dec-04,116
07-Dec-04,121.5
06-Dec-04,125.5
03-Dec-04,118.5
02-Dec-04,119.5
01-Dec-04,121
30-Nov-04,126
29-Nov-04,132.5
26-Nov-04,124.5
25-Nov-04,121
24-Nov-04,128
23-Nov-04,126
22-Nov-04,135.5
19-Nov-04,130
18-Nov-04,130.5
17-Nov-04,128.5
16-Nov-04,132.5
15-Nov-04,123
12-Nov-04,129
11-Nov-04,130
10-Nov-04,135
09-Nov-04,135
08-Nov-04,131.5
05-Nov-04,131
04-Nov-04,134
03-Nov-04,138.5
02-Nov-04,143
01-Nov-04,139
29-Oct-04,136
28-Oct-04,137
27-Oct-04,149.5
26-Oct-04,153.5
25-Oct-04,156
22-Oct-04,147.5
21-Oct-04,149.5
20-Oct-04,149.5
19-Oct-04,154.5
18-Oct-04,159
15-Oct-04,151.5
14-Oct-04,151.5
13-Oct-04,155.5
12-Oct-04,157.5
11-Oct-04,150
08-Oct-04,150
07-Oct-04,155.5
06-Oct-04,151.5
05-Oct-04,151.5
04-Oct-04,168
01-Oct-04,155.5
30-Sep-04,154.5
29-Sep-04,163
28-Sep-04,147
27-Sep-04,151.5
24-Sep-04,152
23-Sep-04,152.5
22-Sep-04,158.5
21-Sep-04,162
20-Sep-04,155.5
17-Sep-04,155.5
16-Sep-04,155.5
15-Sep-04,162.5
14-Sep-04,167
13-Sep-04,156.5
10-Sep-04,157.5
09-Sep-04,157.5
08-Sep-04,169
07-Sep-04,184
06-Sep-04,162
03-Sep-04,167
02-Sep-04,166
01-Sep-04,166
31-Aug-04,174
30-Aug-04,169
27-Aug-04,164
26-Aug-04,169
25-Aug-04,171
24-Aug-04,175.5
23-Aug-04,183
20-Aug-04,168.5
19-Aug-04,163.5
18-Aug-04,160.5
17-Aug-04,170.5
16-Aug-04,160.5
13-Aug-04,165.5
12-Aug-04,167.5
11-Aug-04,173
10-Aug-04,167.5
09-Aug-04,182
06-Aug-04,172
05-Aug-04,172.5
04-Aug-04,184.5
03-Aug-04,189.5
02-Aug-04,195.5
30-Jul-04,176
29-Jul-04,173
28-Jul-04,174.5
27-Jul-04,175.5
26-Jul-04,174.5
23-Jul-04,175.5
22-Jul-04,173
21-Jul-04,176.5
20-Jul-04,181
19-Jul-04,185
16-Jul-04,191.5
15-Jul-04,175.5
14-Jul-04,174
13-Jul-04,183
12-Jul-04,190
09-Jul-04,183.5
08-Jul-04,183
07-Jul-04,183
06-Jul-04,183.5
05-Jul-04,188.5
02-Jul-04,179
01-Jul-04,180
30-Jun-04,182.5
29-Jun-04,190
28-Jun-04,177.5
25-Jun-04,177.5
24-Jun-04,176.5
23-Jun-04,185
22-Jun-04,192.5
21-Jun-04,181
18-Jun-04,179.5
17-Jun-04,181.5
16-Jun-04,184
15-Jun-04,187
14-Jun-04,178
11-Jun-04,178.5
10-Jun-04,179.5
09-Jun-04,190
08-Jun-04,186.5
07-Jun-04,176.5
04-Jun-04,175.5
03-Jun-04,178
02-Jun-04,189
01-Jun-04,196.5
31-May-04,184
28-May-04,182.5
27-May-04,178
26-May-04,199
25-May-04,188
24-May-04,189.5
21-May-04,191
20-May-04,192
19-May-04,190.5
18-May-04,195.5
17-May-04,202.5
14-May-04,195.5
13-May-04,194
12-May-04,191.5
11-May-04,203
10-May-04,211.5
07-May-04,195
06-May-04,192.5
05-May-04,189
04-May-04,196
03-May-04,205.5
30-Apr-04,205.5
29-Apr-04,200.5
28-Apr-04,189
27-Apr-04,195
26-Apr-04,195
23-Apr-04,196
22-Apr-04,200.5
21-Apr-04,202
20-Apr-04,193.5
19-Apr-04,190
16-Apr-04,190
15-Apr-04,193
14-Apr-04,203
13-Apr-04,202.5
12-Apr-04,187
09-Apr-04,199
08-Apr-04,199.5
07-Apr-04,185
06-Apr-04,198
05-Apr-04,187
02-Apr-04,186
01-Apr-04,183
31-Mar-04,194
30-Mar-04,203.5
29-Mar-04,191.5
26-Mar-04,200
25-Mar-04,199.5
24-Mar-04,199.5
23-Mar-04,205
22-Mar-04,222.5
19-Mar-04,204
18-Mar-04,202
17-Mar-04,206
16-Mar-04,214
15-Mar-04,219.5
12-Mar-04,221
11-Mar-04,204
10-Mar-04,213
09-Mar-04,219.5
08-Mar-04,224.5
05-Mar-04,232.5
04-Mar-04,209
03-Mar-04,209
02-Mar-04,216.5
01-Mar-04,214
27-Feb-04,205.5
26-Feb-04,206
25-Feb-04,220
24-Feb-04,190.5
23-Feb-04,193
20-Feb-04,193.5
19-Feb-04,191
18-Feb-04,206
17-Feb-04,192
16-Feb-04,192
13-Feb-04,192.5
12-Feb-04,191.5
11-Feb-04,212
10-Feb-04,192
09-Feb-04,194.5
06-Feb-04,195.5
05-Feb-04,198.5
04-Feb-04,210
03-Feb-04,196.5
02-Feb-04,198.5
30-Jan-04,196.5
29-Jan-04,198
28-Jan-04,188.5
27-Jan-04,193.5
26-Jan-04,203
23-Jan-04,207
22-Jan-04,206
21-Jan-04,207
20-Jan-04,216
19-Jan-04,226.5
16-Jan-04,213
15-Jan-04,211
14-Jan-04,216.5
13-Jan-04,221.5
12-Jan-04,231.5
09-Jan-04,208
08-Jan-04,208
07-Jan-04,206
06-Jan-04,209
05-Jan-04,210
02-Jan-04,205
31-Dec-03,199
30-Dec-03,200.5
29-Dec-03,200.5
26-Dec-03,201
25-Dec-03,200
24-Dec-03,202
23-Dec-03,203
22-Dec-03,203
19-Dec-03,204
18-Dec-03,203.5
17-Dec-03,210
16-Dec-03,219
15-Dec-03,226.5
12-Dec-03,210.5
11-Dec-03,210.5
10-Dec-03,211
09-Dec-03,219
08-Dec-03,228.5
05-Dec-03,240
04-Dec-03,216
03-Dec-03,230
02-Dec-03,236.5
01-Dec-03,241.5
28-Nov-03,247
27-Nov-03,195
26-Nov-03,183
25-Nov-03,182.5
24-Nov-03,170.5
21-Nov-03,171.5
20-Nov-03,176.5
19-Nov-03,157
18-Nov-03,161
17-Nov-03,154.5
14-Nov-03,155
13-Nov-03,155
12-Nov-03,161.5
11-Nov-03,177.5
10-Nov-03,158
07-Nov-03,165
06-Nov-03,167
05-Nov-03,172.5
04-Nov-03,173.5
03-Nov-03,165
31-Oct-03,162.5
30-Oct-03,153.5
29-Oct-03,142
28-Oct-03,147.5
27-Oct-03,152
24-Oct-03,157
23-Oct-03,156
22-Oct-03,156
21-Oct-03,162.5
20-Oct-03,167.5
17-Oct-03,157
16-Oct-03,158.5
15-Oct-03,158.5
14-Oct-03,161.5
13-Oct-03,167.5
10-Oct-03,154.5
09-Oct-03,154.5
08-Oct-03,154
07-Oct-03,159.5
06-Oct-03,165.5
03-Oct-03,156.5
02-Oct-03,155.5
01-Oct-03,155.5
30-Sep-03,161.5
29-Sep-03,166.5
26-Sep-03,158.5
25-Sep-03,154.5
24-Sep-03,159
23-Sep-03,169
22-Sep-03,170.5
19-Sep-03,179
18-Sep-03,159
17-Sep-03,158
16-Sep-03,161.5
15-Sep-03,159
12-Sep-03,159.5
11-Sep-03,160.5
10-Sep-03,172
09-Sep-03,177.5
08-Sep-03,163
05-Sep-03,162.5
04-Sep-03,164.5
03-Sep-03,172
02-Sep-03,179
01-Sep-03,165.5
29-Aug-03,165.5
28-Aug-03,167
27-Aug-03,178
26-Aug-03,178
25-Aug-03,184
22-Aug-03,172.5
21-Aug-03,171.5
20-Aug-03,170.5
19-Aug-03,169.5
18-Aug-03,176
15-Aug-03,168
14-Aug-03,168.5
13-Aug-03,167.5
12-Aug-03,172.5
11-Aug-03,177
08-Aug-03,167.5
07-Aug-03,167.5
06-Aug-03,168.5
05-Aug-03,172.5
04-Aug-03,177.5
01-Aug-03,169.5
31-Jul-03,171.5
29-Jul-03,157
28-Jul-03,162.5
25-Jul-03,168
24-Jul-03,168.5
23-Jul-03,169.5
22-Jul-03,178
21-Jul-03,183
18-Jul-03,172
17-Jul-03,173
16-Jul-03,171.5
15-Jul-03,176.5
14-Jul-03,161.5
11-Jul-03,169.5
10-Jul-03,168
09-Jul-03,169.5
08-Jul-03,174
07-Jul-03,182.5
04-Jul-03,167.5
03-Jul-03,174.5
02-Jul-03,166.5
01-Jul-03,171.5
30-Jun-03,179
27-Jun-03,169.5
26-Jun-03,169.5
25-Jun-03,167.5
24-Jun-03,172.5
23-Jun-03,161.5
20-Jun-03,157
19-Jun-03,177
18-Jun-03,120
17-Jun-03,121
16-Jun-03,112
13-Jun-03,110.5
12-Jun-03,110.5
11-Jun-03,113.5
10-Jun-03,110.5
09-Jun-03,105.5
06-Jun-03,103.5
05-Jun-03,107
04-Jun-03,109.5
03-Jun-03,106.5
02-Jun-03,109
30-May-03,87.5
29-May-03,96.5
28-May-03,90
27-May-03,92
26-May-03,94
23-May-03,93
22-May-03,94
21-May-03,94
20-May-03,92
19-May-03,95.5
16-May-03,90
15-May-03,92
14-May-03,95
13-May-03,94
12-May-03,97.5
09-May-03,95
08-May-03,91
07-May-03,95.5
06-May-03,97.5
05-May-03,103
02-May-03,93.5
01-May-03,98
30-Apr-03,98
29-Apr-03,99.5
28-Apr-03,93
25-Apr-03,94
24-Apr-03,93.5
23-Apr-03,98.5
22-Apr-03,102
21-Apr-03,93.5
18-Apr-03,96
17-Apr-03,98.5
16-Apr-03,93
15-Apr-03,104.5
14-Apr-03,98.5
11-Apr-03,99
10-Apr-03,98.5
09-Apr-03,97
08-Apr-03,100.5
07-Apr-03,95.5
04-Apr-03,99
03-Apr-03,99.5
02-Apr-03,106.5
01-Apr-03,100.5
31-Mar-03,106.5
28-Mar-03,107
27-Mar-03,100.5
26-Mar-03,103.5
25-Mar-03,106.5
24-Mar-03,110.5
21-Mar-03,100.5
20-Mar-03,104.5
19-Mar-03,103
18-Mar-03,109
17-Mar-03,110.5
14-Mar-03,100.5
13-Mar-03,100.5
12-Mar-03,99
11-Mar-03,101.5
10-Mar-03,101.5
07-Mar-03,95.5
06-Mar-03,98
05-Mar-03,98.5
04-Mar-03,94.5
03-Mar-03,102
28-Feb-03,93.5
27-Feb-03,97
26-Feb-03,89
25-Feb-03,88
24-Feb-03,87.5
21-Feb-03,63
20-Feb-03,68.5
19-Feb-03,46
18-Feb-03,46.5
17-Feb-03,44
14-Feb-03,49.5
13-Feb-03,45.5
12-Feb-03,45.5
11-Feb-03,46
10-Feb-03,48
07-Feb-03,49
06-Feb-03,47.5
05-Feb-03,47
04-Feb-03,45
03-Feb-03,48
31-Jan-03,51.5
30-Jan-03,55
29-Jan-03,50
28-Jan-03,62
27-Jan-03,75.5
24-Jan-03,70.5
23-Jan-03,59.5
22-Jan-03,54
21-Jan-03,73.5
20-Jan-03,74
17-Jan-03,122.5
16-Jan-03,126
15-Jan-03,115.5
14-Jan-03,144
13-Jan-03,144.5
10-Jan-03,131
09-Jan-03,143.5
08-Jan-03,112
07-Jan-03,142.5
06-Jan-03,143.5
03-Jan-03,143.5
02-Jan-03,144.5
31-Dec-02,147.5
30-Dec-02,148.5
27-Dec-02,142.5
25-Dec-02,111.5
24-Dec-02,111
23-Dec-02,146
20-Dec-02,143.5
19-Dec-02,145.5
18-Dec-02,154
17-Dec-02,153.5
16-Dec-02,160.5
13-Dec-02,146.5
12-Dec-02,147
11-Dec-02,153.5
10-Dec-02,153.5
09-Dec-02,156
06-Dec-02,148.5
05-Dec-02,175
04-Dec-02,150
03-Dec-02,165
02-Dec-02,171.5
29-Nov-02,151
28-Nov-02,151
27-Nov-02,157.5
26-Nov-02,157
25-Nov-02,150.5
22-Nov-02,155.5
21-Nov-02,154
20-Nov-02,150
19-Nov-02,159
18-Nov-02,157.5
15-Nov-02,155
14-Nov-02,157.5
13-Nov-02,163.5
12-Nov-02,167.5
11-Nov-02,158
08-Nov-02,157.5
07-Nov-02,158.5
06-Nov-02,168.5
05-Nov-02,169.5
04-Nov-02,157
01-Nov-02,156
31-Oct-02,157
30-Oct-02,162
29-Oct-02,151
28-Oct-02,155.5
25-Oct-02,165.5
24-Oct-02,171
23-Oct-02,166
22-Oct-02,165.5
21-Oct-02,172
18-Oct-02,164.5
17-Oct-02,170
16-Oct-02,167.5
15-Oct-02,173
14-Oct-02,172
11-Oct-02,179
10-Oct-02,169
09-Oct-02,167.5
08-Oct-02,177
07-Oct-02,181
04-Oct-02,165
03-Oct-02,161.5
02-Oct-02,169
01-Oct-02,171
30-Sep-02,173
27-Sep-02,162
26-Sep-02,162.5
25-Sep-02,157.5
24-Sep-02,169
23-Sep-02,157.5
20-Sep-02,156.5
19-Sep-02,160.5
18-Sep-02,166
17-Sep-02,170.5
16-Sep-02,159
13-Sep-02,160.5
12-Sep-02,155
11-Sep-02,169
10-Sep-02,173.5
09-Sep-02,155.5
06-Sep-02,157.5
05-Sep-02,160.5
04-Sep-02,162
03-Sep-02,167
02-Sep-02,161
30-Aug-02,162.5
29-Aug-02,158
28-Aug-02,165
27-Aug-02,173
26-Aug-02,194
23-Aug-02,165.5
22-Aug-02,177.5
21-Aug-02,175
20-Aug-02,170
19-Aug-02,170.5
16-Aug-02,170
15-Aug-02,175
14-Aug-02,168
13-Aug-02,169
12-Aug-02,175.5
09-Aug-02,165.5
08-Aug-02,166.5
07-Aug-02,168.5
06-Aug-02,172
05-Aug-02,175
02-Aug-02,163
01-Aug-02,166
31-Jul-02,172.5
30-Jul-02,174
29-Jul-02,158
26-Jul-02,163
25-Jul-02,159.5
24-Jul-02,167
23-Jul-02,168
22-Jul-02,169
19-Jul-02,158.5
18-Jul-02,158.5
17-Jul-02,170
16-Jul-02,175
15-Jul-02,182
12-Jul-02,162.5
11-Jul-02,164.5
10-Jul-02,163.5
09-Jul-02,172
08-Jul-02,163
05-Jul-02,156
04-Jul-02,154
03-Jul-02,155
02-Jul-02,148.5
01-Jul-02,162
28-Jun-02,152.5
27-Jun-02,148
26-Jun-02,164
25-Jun-02,159.5
21-Jun-02,148.5
20-Jun-02,149
19-Jun-02,147.5
18-Jun-02,157
17-Jun-02,148.5
14-Jun-02,146.5
13-Jun-02,146.5
12-Jun-02,150.5
11-Jun-02,162
10-Jun-02,153.5
07-Jun-02,154
06-Jun-02,153.5
05-Jun-02,160.5
04-Jun-02,165
03-Jun-02,154
31-May-02,161
30-May-02,155
29-May-02,146.5
28-May-02,152
27-May-02,157
24-May-02,163
23-May-02,163
22-May-02,162.5
21-May-02,168
20-May-02,162.5
17-May-02,163.5
16-May-02,152.5
15-May-02,152.5
14-May-02,161.5
13-May-02,162.5
10-May-02,152
09-May-02,155
08-May-02,156
07-May-02,156
06-May-02,161
03-May-02,152
02-May-02,154
01-May-02,152.5
30-Apr-02,153.5
29-Apr-02,158
26-Apr-02,153.5
25-Apr-02,149
24-Apr-02,159.5
23-Apr-02,164.5
22-Apr-02,149.5
19-Apr-02,148
18-Apr-02,149.5
17-Apr-02,159.5
16-Apr-02,162
15-Apr-02,151.5
12-Apr-02,151.5
11-Apr-02,150
10-Apr-02,156
09-Apr-02,163
08-Apr-02,154
22-Mar-02,161
21-Mar-02,160
20-Mar-02,159.5
19-Mar-02,159.5
18-Mar-02,171
15-Mar-02,160.5
14-Mar-02,157
13-Mar-02,158
12-Mar-02,162.5
11-Mar-02,172.5
08-Mar-02,162
07-Mar-02,157
06-Mar-02,157
05-Mar-02,163
04-Mar-02,173.5
01-Mar-02,159.5
28-Feb-02,160
27-Feb-02,170
26-Feb-02,149.5
25-Feb-02,148
22-Feb-02,147
21-Feb-02,146.5
20-Feb-02,147
19-Feb-02,145.5
18-Feb-02,150
15-Feb-02,148.5
14-Feb-02,152.5
13-Feb-02,167
12-Feb-02,150
11-Feb-02,153
08-Feb-02,155.5
07-Feb-02,151
06-Feb-02,153
05-Feb-02,157.5
04-Feb-02,152
01-Feb-02,155.5
31-Jan-02,153.5
30-Jan-02,153
29-Jan-02,151
28-Jan-02,164.5
25-Jan-02,165.5
24-Jan-02,171.5
23-Jan-02,173.5
22-Jan-02,177.5
21-Jan-02,183
18-Jan-02,174.5
17-Jan-02,175.5
16-Jan-02,177.5
15-Jan-02,187
14-Jan-02,199
11-Jan-02,191.5
10-Jan-02,181
09-Jan-02,181
08-Jan-02,178.5
07-Jan-02,182
04-Jan-02,191
03-Jan-02,181.5
02-Jan-02,182.5
31-Dec-01,188.5
28-Dec-01,200
27-Dec-01,209.5
26-Dec-01,212.5
25-Dec-01,213.5
24-Dec-01,213.5
21-Dec-01,210.5
20-Dec-01,194
19-Dec-01,190.5
18-Dec-01,199
17-Dec-01,206.5
14-Dec-01,192.5
13-Dec-01,192
12-Dec-01,186.5
11-Dec-01,199
10-Dec-01,212
07-Dec-01,194
06-Dec-01,191
05-Dec-01,202.5
04-Dec-01,201
03-Dec-01,208
30-Nov-01,194.5
29-Nov-01,202.5
28-Nov-01,182
27-Nov-01,190.5
26-Nov-01,197.5
23-Nov-01,193.5
22-Nov-01,199.5
21-Nov-01,223
20-Nov-01,222.5
19-Nov-01,196.5
16-Nov-01,196.5
15-Nov-01,195.5
14-Nov-01,202
13-Nov-01,203
12-Nov-01,203.5
09-Nov-01,199.5
08-Nov-01,199
07-Nov-01,210.5
06-Nov-01,213.5
05-Nov-01,201.5
02-Nov-01,202.5
01-Nov-01,201.5
31-Oct-01,202
30-Oct-01,203
29-Oct-01,199.5
26-Oct-01,207.5
25-Oct-01,209
24-Oct-01,208.5
23-Oct-01,212
22-Oct-01,216.5
19-Oct-01,214.5
18-Oct-01,217
17-Oct-01,206.5
16-Oct-01,207
15-Oct-01,215
12-Oct-01,201.5
11-Oct-01,201.5
10-Oct-01,207.5
09-Oct-01,214.5
08-Oct-01,221.5
05-Oct-01,200.5
04-Oct-01,200.5
03-Oct-01,199.5
02-Oct-01,206.5
01-Oct-01,212
28-Sep-01,219.5
27-Sep-01,215.25
26-Sep-01,210.65
25-Sep-01,193.65
24-Sep-01,199.2
21-Sep-01,200.55
20-Sep-01,192.95
19-Sep-01,209.5
18-Sep-01,184.2
17-Sep-01,184.75
14-Sep-01,164.05
13-Sep-01,165.25
12-Sep-01,185
11-Sep-01,184.5
10-Sep-01,171.95
07-Sep-01,169.3
06-Sep-01,169.3
05-Sep-01,189
04-Sep-01,195
03-Sep-01,167.35
31-Aug-01,167.6
30-Aug-01,166
29-Aug-01,167.2
28-Aug-01,190
27-Aug-01,172.55
24-Aug-01,177.5
23-Aug-01,176.55
22-Aug-01,179.55
21-Aug-01,179.25
20-Aug-01,191
17-Aug-01,179.2
16-Aug-01,180.2
15-Aug-01,176.75
14-Aug-01,182.15
13-Aug-01,181.8
10-Aug-01,183.3
09-Aug-01,182.1
08-Aug-01,180.85
07-Aug-01,181.75
06-Aug-01,189
03-Aug-01,177.05
02-Aug-01,177.35
01-Aug-01,183.5
31-Jul-01,177.3
30-Jul-01,191.5
27-Jul-01,176.85
26-Jul-01,176.45
25-Jul-01,174.95
24-Jul-01,177
23-Jul-01,178.35
20-Jul-01,179.05
19-Jul-01,179.15
18-Jul-01,184
17-Jul-01,200.95
16-Jul-01,203.85
13-Jul-01,204.45
12-Jul-01,206.55
11-Jul-01,205.8
10-Jul-01,202.35
09-Jul-01,197
06-Jul-01,184.6
05-Jul-01,179.1
04-Jul-01,176.95
03-Jul-01,175.05
02-Jul-01,177.45
29-Jun-01,177.8
28-Jun-01,183.35
27-Jun-01,180.95
26-Jun-01,179.5
25-Jun-01,173.4
22-Jun-01,172.55
21-Jun-01,178.75
20-Jun-01,179.5
19-Jun-01,181.4
18-Jun-01,168
15-Jun-01,171.05
14-Jun-01,171.25
13-Jun-01,177.95
12-Jun-01,179.1
11-Jun-01,181.45
08-Jun-01,179.85
07-Jun-01,180.05
06-Jun-01,180.2
05-Jun-01,179.4
04-Jun-01,182.5
01-Jun-01,181.9
31-May-01,182.5
30-May-01,180.15
29-May-01,184.1
28-May-01,183.3
25-May-01,183.5
24-May-01,184
23-May-01,184.05
22-May-01,193.15
21-May-01,192.5
18-May-01,172.65
17-May-01,187
16-May-01,178
15-May-01,190.5
14-May-01,187.5
11-May-01,186.5
10-May-01,186.5
09-May-01,182.5
08-May-01,172.65
07-May-01,170.6
04-May-01,164.7
03-May-01,171.35
02-May-01,168.8
01-May-01,186
30-Apr-01,187
27-Apr-01,169.65
26-Apr-01,170.15
25-Apr-01,167.55
24-Apr-01,168.45
23-Apr-01,181.5
20-Apr-01,164.65
19-Apr-01,179.5
18-Apr-01,181.5
17-Apr-01,169.5
16-Apr-01,154.7
13-Apr-01,154.45
12-Apr-01,153.65
11-Apr-01,155.4
10-Apr-01,169.5
09-Apr-01,153.6
06-Apr-01,152.15
05-Apr-01,158.5
04-Apr-01,165.5
03-Apr-01,165.5
02-Apr-01,155.5
30-Mar-01,152.1
29-Mar-01,160
28-Mar-01,151.25
27-Mar-01,156.65
26-Mar-01,161.85
23-Mar-01,168
22-Mar-01,162.4
21-Mar-01,158.35
20-Mar-01,154.75
19-Mar-01,160.05
16-Mar-01,160.35
15-Mar-01,160.45
14-Mar-01,155
13-Mar-01,150.1
12-Mar-01,157
09-Mar-01,152.65
08-Mar-01,151.75
07-Mar-01,148
06-Mar-01,154
05-Mar-01,143.2
02-Mar-01,146
01-Mar-01,147
28-Feb-01,143.05
27-Feb-01,155
26-Feb-01,130.15
23-Feb-01,126.55
22-Feb-01,125.05
21-Feb-01,128
20-Feb-01,125.2
19-Feb-01,124.6
16-Feb-01,125.25
15-Feb-01,126.15
14-Feb-01,124.15
13-Feb-01,148.5
12-Feb-01,123.95
09-Feb-01,127.5
08-Feb-01,138.9
07-Feb-01,127
06-Feb-01,126
05-Feb-01,127.5
02-Feb-01,120
01-Feb-01,128
31-Jan-01,138.1
30-Jan-01,119.5
29-Jan-01,139.05
26-Jan-01,136.65
25-Jan-01,134
24-Jan-01,143.5
23-Jan-01,133.15
22-Jan-01,145
19-Jan-01,133.35
18-Jan-01,134.9
17-Jan-01,129.85
16-Jan-01,129.75
15-Jan-01,145
12-Jan-01,131
11-Jan-01,136.5
10-Jan-01,139.5
09-Jan-01,138
08-Jan-01,138
05-Jan-01,140.5
04-Jan-01,140.5
03-Jan-01,125.5
02-Jan-01,124.5
29-Dec-00,127.25
28-Dec-00,129.65
27-Dec-00,127.15
26-Dec-00,126.6
25-Dec-00,129.3
22-Dec-00,127.7
21-Dec-00,127.3
20-Dec-00,129.35
19-Dec-00,132.55
18-Dec-00,133.1
15-Dec-00,129.4
14-Dec-00,131.2
13-Dec-00,137.4
12-Dec-00,141.55
11-Dec-00,133.25
08-Dec-00,131.1
07-Dec-00,130.45
06-Dec-00,138
05-Dec-00,126.5
04-Dec-00,130.65
01-Dec-00,131.4
30-Nov-00,131.8
29-Nov-00,135.4
28-Nov-00,132.5
27-Nov-00,128.5
24-Nov-00,136
23-Nov-00,149.8
22-Nov-00,149.75
21-Nov-00,153.6
20-Nov-00,134.45
17-Nov-00,134.5
16-Nov-00,134.55
15-Nov-00,142.05
14-Nov-00,141.95
13-Nov-00,133.3
10-Nov-00,133.35
09-Nov-00,132.3
08-Nov-00,136.5
07-Nov-00,142.4
06-Nov-00,132.7
03-Nov-00,132.25
02-Nov-00,136.65
31-Oct-00,138.55
30-Oct-00,135.3
27-Oct-00,134.85
26-Oct-00,106.5
25-Oct-00,106.5
24-Oct-00,111
20-Oct-00,105
18-Oct-00,104.5
17-Oct-00,104.5
16-Oct-00,104.5
13-Oct-00,102.5
12-Oct-00,102.5
11-Oct-00,109
10-Oct-00,105
09-Oct-00,119
06-Oct-00,105.5
05-Oct-00,102
04-Oct-00,101
03-Oct-00,114.5
02-Oct-00,114.5
29-Sep-00,107
28-Sep-00,108
27-Sep-00,110.5
26-Sep-00,110.5
25-Sep-00,105
22-Sep-00,104.5
21-Sep-00,106
20-Sep-00,114.5
19-Sep-00,103
18-Sep-00,107
15-Sep-00,106
14-Sep-00,101.5
13-Sep-00,109
12-Sep-00,101.5
11-Sep-00,106
08-Sep-00,102
07-Sep-00,104.5
06-Sep-00,112
05-Sep-00,96.85
04-Sep-00,96.1
01-Sep-00,101
31-Aug-00,97.65
30-Aug-00,97.5
29-Aug-00,97.85
28-Aug-00,101.5
25-Aug-00,98
24-Aug-00,97.05
23-Aug-00,104
22-Aug-00,98.5
21-Aug-00,97.05
18-Aug-00,96
17-Aug-00,96
16-Aug-00,95
15-Aug-00,104.5
14-Aug-00,110
11-Aug-00,104
10-Aug-00,106
09-Aug-00,103.5
08-Aug-00,103.5
07-Aug-00,103.5
04-Aug-00,102.5
03-Aug-00,105
02-Aug-00,108
01-Aug-00,111
31-Jul-00,97.6
28-Jul-00,99.5
27-Jul-00,102
26-Jul-00,95.65
25-Jul-00,95.2
24-Jul-00,99
21-Jul-00,101.5
20-Jul-00,102.5
19-Jul-00,103
18-Jul-00,106
17-Jul-00,108
14-Jul-00,93.65
13-Jul-00,101.5
12-Jul-00,92.6
11-Jul-00,106
10-Jul-00,106
07-Jul-00,99.5
06-Jul-00,91.25
05-Jul-00,91.2
04-Jul-00,97
03-Jul-00,96.5
30-Jun-00,91.35
29-Jun-00,91.15
28-Jun-00,98.5
27-Jun-00,102
26-Jun-00,96.5
23-Jun-00,101.95
22-Jun-00,99.7
21-Jun-00,97.5
20-Jun-00,101.5
19-Jun-00,95
16-Jun-00,95
15-Jun-00,103.4
14-Jun-00,95.5
13-Jun-00,95
12-Jun-00,96.5
09-Jun-00,95.5
08-Jun-00,95
07-Jun-00,95.45
06-Jun-00,97
05-Jun-00,96.5
02-Jun-00,96
01-Jun-00,97.5
31-May-00,100.5
30-May-00,98
29-May-00,98.5
26-May-00,101.5
25-May-00,101
24-May-00,101.1
23-May-00,99.85
22-May-00,100.3
19-May-00,106.5
18-May-00,94.45
17-May-00,93.85
16-May-00,95.5
15-May-00,104
12-May-00,105
11-May-00,104
10-May-00,111
09-May-00,115
08-May-00,116.5
05-May-00,106.5
04-May-00,110.5
03-May-00,100.35
02-May-00,114
01-May-00,118
28-Apr-00,119
27-Apr-00,114
26-Apr-00,120
25-Apr-00,124
24-Apr-00,114.5
21-Apr-00,113
20-Apr-00,114
19-Apr-00,114.5
18-Apr-00,119
17-Apr-00,111
14-Apr-00,109
13-Apr-00,110.5
12-Apr-00,113.5
11-Apr-00,118.5
10-Apr-00,110.5
07-Apr-00,111.5
06-Apr-00,109.5
05-Apr-00,110.5
04-Apr-00,110.5
03-Apr-00,111
31-Mar-00,111
30-Mar-00,109
29-Mar-00,103.5
28-Mar-00,110.5
27-Mar-00,109
24-Mar-00,112
23-Mar-00,118
22-Mar-00,127.5
21-Mar-00,131.5
20-Mar-00,130.5
17-Mar-00,118
16-Mar-00,118.5
15-Mar-00,120
14-Mar-00,126
13-Mar-00,130.5
10-Mar-00,122
09-Mar-00,117.3
08-Mar-00,123.5
07-Mar-00,132.5
06-Mar-00,126
03-Mar-00,125
02-Mar-00,124.5
01-Mar-00,123
29-Feb-00,132.5
28-Feb-00,124
25-Feb-00,118
24-Feb-00,119
23-Feb-00,114.15
22-Feb-00,118.5
21-Feb-00,125
18-Feb-00,121.9
17-Feb-00,119
16-Feb-00,139.5
15-Feb-00,130.5
14-Feb-00,132
11-Feb-00,140.35
10-Feb-00,131.6
09-Feb-00,128.85
08-Feb-00,131
07-Feb-00,131
04-Feb-00,136.15
03-Feb-00,130
02-Feb-00,139.5
01-Feb-00,132
31-Jan-00,133.5
28-Jan-00,166.5
27-Jan-00,133
26-Jan-00,141
25-Jan-00,145.5
24-Jan-00,133
21-Jan-00,134
20-Jan-00,160
19-Jan-00,136.7
18-Jan-00,164.5
17-Jan-00,160.2
14-Jan-00,159.7
13-Jan-00,167.5
12-Jan-00,164.45
11-Jan-00,158.5
10-Jan-00,161.5
07-Jan-00,168
06-Jan-00,165.85
05-Jan-00,170
04-Jan-00,172
03-Jan-00,177
31-Dec-99,179
30-Dec-99,180
29-Dec-99,178
28-Dec-99,158.5
27-Dec-99,163
24-Dec-99,161.5
23-Dec-99,162.5
22-Dec-99,163.5
21-Dec-99,166
20-Dec-99,161.45
17-Dec-99,162.95
16-Dec-99,166.5
15-Dec-99,163.2
14-Dec-99,167.5
13-Dec-99,167.5
10-Dec-99,168
09-Dec-99,166.5
08-Dec-99,144.5
07-Dec-99,145
06-Dec-99,166.5
03-Dec-99,162.75
02-Dec-99,166.4
01-Dec-99,165.65
30-Nov-99,148
29-Nov-99,163.5
26-Nov-99,162.5
25-Nov-99,185
24-Nov-99,182.3
23-Nov-99,162.5
22-Nov-99,181.7
19-Nov-99,184
18-Nov-99,183.5
17-Nov-99,181.5
16-Nov-99,185
15-Nov-99,185
12-Nov-99,187.5
11-Nov-99,185
10-Nov-99,185.5
09-Nov-99,186
08-Nov-99,191
05-Nov-99,190.5
04-Nov-99,191
03-Nov-99,184.25
02-Nov-99,189
01-Nov-99,183.45
29-Oct-99,183
28-Oct-99,179.55
27-Oct-99,187.5
26-Oct-99,188
25-Oct-99,187.5
22-Oct-99,184.45
21-Oct-99,184.1
20-Oct-99,183.5
19-Oct-99,188.55
18-Oct-99,183.5
15-Oct-99,182.5
14-Oct-99,184.5
13-Oct-99,190.3
12-Oct-99,185.5
11-Oct-99,188
08-Oct-99,184.3
07-Oct-99,182.3
06-Oct-99,185
05-Oct-99,182.2
04-Oct-99,182.3
01-Oct-99,187.5
30-Sep-99,186.5
29-Sep-99,188.5
28-Sep-99,190
27-Sep-99,190.5
24-Sep-99,189.5
23-Sep-99,190
22-Sep-99,189
21-Sep-99,189
20-Sep-99,189
17-Sep-99,189
16-Sep-99,189
15-Sep-99,189
14-Sep-99,188.5
13-Sep-99,187
10-Sep-99,184.3
09-Sep-99,183.4
08-Sep-99,181.95
07-Sep-99,190.55
06-Sep-99,188.65
03-Sep-99,179.95
02-Sep-99,178.55
01-Sep-99,185
31-Aug-99,185
30-Aug-99,186
27-Aug-99,193.5
26-Aug-99,196.5
25-Aug-99,186
24-Aug-99,192
23-Aug-99,193.5
20-Aug-99,190.5
19-Aug-99,194.5
18-Aug-99,186.55
17-Aug-99,194
16-Aug-99,185.5
13-Aug-99,186.45
12-Aug-99,192
11-Aug-99,185
10-Aug-99,191.5
09-Aug-99,185.6
06-Aug-99,187
05-Aug-99,185.5
04-Aug-99,184.5
03-Aug-99,188
02-Aug-99,192.5
30-Jul-99,192.5
29-Jul-99,197.95
28-Jul-99,192.5
27-Jul-99,193
26-Jul-99,194
23-Jul-99,195.5
22-Jul-99,195.5
21-Jul-99,195.5
20-Jul-99,211.35
19-Jul-99,199
16-Jul-99,199
15-Jul-99,201.55
14-Jul-99,200
13-Jul-99,217.8
12-Jul-99,199.5
09-Jul-99,203.1
08-Jul-99,203.5
07-Jul-99,202.8
06-Jul-99,202
05-Jul-99,197
02-Jul-99,196
01-Jul-99,199
30-Jun-99,194.5
29-Jun-99,197
28-Jun-99,197
25-Jun-99,196.5
24-Jun-99,195.5
23-Jun-99,199.5
22-Jun-99,201
21-Jun-99,201.5
18-Jun-99,199.5
17-Jun-99,200
16-Jun-99,200.5
15-Jun-99,199.5
14-Jun-99,200
11-Jun-99,202
10-Jun-99,203.5
09-Jun-99,205
08-Jun-99,204.5
07-Jun-99,206.5
04-Jun-99,204.5
03-Jun-99,203.5
02-Jun-99,206
01-Jun-99,204.5
28-May-99,206
27-May-99,206
26-May-99,209.5
25-May-99,202
24-May-99,203
21-May-99,203
20-May-99,202.5
19-May-99,201.5
18-May-99,198.5
17-May-99,200.5
14-May-99,200
13-May-99,201
12-May-99,202
11-May-99,199.5
10-May-99,201.5
07-May-99,206.5
06-May-99,200.5
05-May-99,202
04-May-99,208.5
30-Apr-99,209.5
29-Apr-99,203.5
28-Apr-99,207
27-Apr-99,206
26-Apr-99,209
23-Apr-99,209.5
22-Apr-99,207.5
21-Apr-99,209.5
20-Apr-99,209.5
19-Apr-99,207.5
16-Apr-99,207
15-Apr-99,208.5
14-Apr-99,208.5
13-Apr-99,207.5
12-Apr-99,206.5
09-Apr-99,205
08-Apr-99,215.5
07-Apr-99,218
06-Apr-99,215.5
05-Apr-99,217
02-Apr-99,215.5
01-Apr-99,216.5
31-Mar-99,217
30-Mar-99,218.5
29-Mar-99,218
26-Mar-99,215.5
25-Mar-99,215.5
24-Mar-99,216
23-Mar-99,214
22-Mar-99,214
19-Mar-99,213.5
18-Mar-99,212.5
17-Mar-99,212
16-Mar-99,212.5
15-Mar-99,212
12-Mar-99,213
11-Mar-99,211.5
10-Mar-99,212
09-Mar-99,211
08-Mar-99,211
05-Mar-99,214
04-Mar-99,215.5
03-Mar-99,214
02-Mar-99,211.5
01-Mar-99,211.5
26-Feb-99,210
25-Feb-99,209.5
24-Feb-99,192
23-Feb-99,208
22-Feb-99,207.5
19-Feb-99,207.5
18-Feb-99,202.5
17-Feb-99,204
16-Feb-99,203.5
15-Feb-99,203
12-Feb-99,203
11-Feb-99,203.5
10-Feb-99,203
09-Feb-99,201
08-Feb-99,201
05-Feb-99,201
04-Feb-99,201.5
03-Feb-99,200.5
02-Feb-99,209.5
01-Feb-99,209.5
29-Jan-99,209.5
28-Jan-99,186.5
27-Jan-99,205
26-Jan-99,209.5
25-Jan-99,209.5
22-Jan-99,247.5
21-Jan-99,246.5
20-Jan-99,246.5
19-Jan-99,247.5
18-Jan-99,215
15-Jan-99,215
14-Jan-99,245
13-Jan-99,246.5
12-Jan-99,213
11-Jan-99,214
08-Jan-99,207.5
07-Jan-99,211.5
06-Jan-99,215.5
05-Jan-99,222
04-Jan-99,230
31-Dec-98,215.5
30-Dec-98,226.5
29-Dec-98,215.5
28-Dec-98,205.5
25-Dec-98,211
23-Dec-98,211
22-Dec-98,204.5
21-Dec-98,203
18-Dec-98,205
17-Dec-98,217
16-Dec-98,217.5
15-Dec-98,218
14-Dec-98,218.5
11-Dec-98,219.5
10-Dec-98,218
09-Dec-98,228
08-Dec-98,219
07-Dec-98,228
04-Dec-98,221
03-Dec-98,219.5
02-Dec-98,229.5
01-Dec-98,218.5
30-Nov-98,230.5
27-Nov-98,236
26-Nov-98,248
25-Nov-98,245.5
24-Nov-98,247
23-Nov-98,243
20-Nov-98,242
19-Nov-98,245.5
18-Nov-98,241.5
17-Nov-98,241
16-Nov-98,238.5
13-Nov-98,238.5
12-Nov-98,240
11-Nov-98,239
10-Nov-98,236.5
09-Nov-98,236.5
06-Nov-98,234.5
05-Nov-98,233.5
04-Nov-98,273
03-Nov-98,232
02-Nov-98,231.5
30-Oct-98,229
29-Oct-98,229.5
28-Oct-98,231
27-Oct-98,230
26-Oct-98,232.5
22-Oct-98,240
21-Oct-98,247
20-Oct-98,279.5
19-Oct-98,230
16-Oct-98,275
15-Oct-98,274.5
14-Oct-98,227
13-Oct-98,226.5
12-Oct-98,230.5
09-Oct-98,227
08-Oct-98,256
07-Oct-98,272.5
06-Oct-98,270
05-Oct-98,302
02-Oct-98,266.5
01-Oct-98,244.5
30-Sep-98,279
29-Sep-98,235
28-Sep-98,235
25-Sep-98,286
24-Sep-98,275.5
23-Sep-98,251.5
22-Sep-98,226.5
21-Sep-98,211
18-Sep-98,215.5
17-Sep-98,209.5
16-Sep-98,210.5
15-Sep-98,206
14-Sep-98,207
11-Sep-98,207
10-Sep-98,206
09-Sep-98,208.5
08-Sep-98,209
07-Sep-98,213
04-Sep-98,209.5
03-Sep-98,208.5
02-Sep-98,209.5
01-Sep-98,209.5
31-Aug-98,210
28-Aug-98,209
27-Aug-98,215
26-Aug-98,220.5
25-Aug-98,222.5
24-Aug-98,212
21-Aug-98,220
20-Aug-98,221
19-Aug-98,211
18-Aug-98,211
17-Aug-98,210.5
14-Aug-98,209
13-Aug-98,209.5
12-Aug-98,208.5
11-Aug-98,209
10-Aug-98,205
07-Aug-98,201
06-Aug-98,212
05-Aug-98,203.5
04-Aug-98,200.5
03-Aug-98,197
31-Jul-98,205.5
30-Jul-98,206.5
29-Jul-98,226.5
28-Jul-98,204.5
27-Jul-98,206.5
24-Jul-98,206.5
23-Jul-98,206.5
22-Jul-98,213
21-Jul-98,206
20-Jul-98,206.5
17-Jul-98,228
16-Jul-98,229
15-Jul-98,208
14-Jul-98,215
13-Jul-98,221.5
10-Jul-98,230.5
09-Jul-98,225
08-Jul-98,224.5
07-Jul-98,224.5
06-Jul-98,223.5
03-Jul-98,224
02-Jul-98,224
01-Jul-98,223.5
30-Jun-98,223.5
29-Jun-98,223
26-Jun-98,218.5
25-Jun-98,218.5
24-Jun-98,226
23-Jun-98,228
22-Jun-98,223
19-Jun-98,222
18-Jun-98,231
17-Jun-98,232.5
16-Jun-98,233.5
15-Jun-98,233
12-Jun-98,280
11-Jun-98,223.5
10-Jun-98,222.5
09-Jun-98,220.5
08-Jun-98,221
05-Jun-98,219.5
04-Jun-98,222
03-Jun-98,221.5
02-Jun-98,240.5
29-May-98,225.5
28-May-98,221
27-May-98,220
26-May-98,219
25-May-98,224.5
22-May-98,223
21-May-98,222.5
20-May-98,227
19-May-98,243
18-May-98,250.5
15-May-98,224.5
14-May-98,211
13-May-98,223
12-May-98,223.5
11-May-98,223.5
08-May-98,222.5
07-May-98,222
06-May-98,231.5
05-May-98,238.5
04-May-98,223
01-May-98,225.5
30-Apr-98,224.5
29-Apr-98,224.5
28-Apr-98,229.5
27-Apr-98,230.5
24-Apr-98,225
23-Apr-98,225.5
22-Apr-98,299.5
21-Apr-98,248.5
20-Apr-98,226.5
17-Apr-98,242.5
16-Apr-98,229.5
15-Apr-98,230
14-Apr-98,230.5
13-Apr-98,232.5
10-Apr-98,229
09-Apr-98,233
08-Apr-98,232.5
07-Apr-98,232.5
06-Apr-98,234
03-Apr-98,235
02-Apr-98,251.5
01-Apr-98,242
31-Mar-98,303
30-Mar-98,257
27-Mar-98,237
26-Mar-98,237
25-Mar-98,246
24-Mar-98,254
23-Mar-98,253.5
20-Mar-98,238
19-Mar-98,238
18-Mar-98,237
17-Mar-98,253
16-Mar-98,260
13-Mar-98,240.5
12-Mar-98,241.5
11-Mar-98,245
10-Mar-98,253
09-Mar-98,260
06-Mar-98,245.5
05-Mar-98,245.5
04-Mar-98,235
03-Mar-98,249.5
02-Mar-98,257
27-Feb-98,245.5
26-Feb-98,244.5
25-Feb-98,223
24-Feb-98,238
23-Feb-98,238
20-Feb-98,235.5
19-Feb-98,239
18-Feb-98,240.5
17-Feb-98,240.5
16-Feb-98,240.5
13-Feb-98,239
12-Feb-98,240
11-Feb-98,238.5
10-Feb-98,237
09-Feb-98,239.5
06-Feb-98,241.5
05-Feb-98,240.5
04-Feb-98,241.5
03-Feb-98,241
02-Feb-98,243.5
30-Jan-98,244.5
29-Jan-98,249
28-Jan-98,243
27-Jan-98,239
26-Jan-98,239
23-Jan-98,240
22-Jan-98,249.5
21-Jan-98,243.5
20-Jan-98,252.5
19-Jan-98,253
16-Jan-98,242.5
15-Jan-98,245.5
14-Jan-98,241
13-Jan-98,278.5
12-Jan-98,242.5
09-Jan-98,243.5
08-Jan-98,262
07-Jan-98,243
06-Jan-98,267
05-Jan-98,249.5
02-Jan-98,248
31-Dec-97,248
30-Dec-97,236.5
29-Dec-97,245
26-Dec-97,241.5
25-Dec-97,220
24-Dec-97,250.5
23-Dec-97,231.5
22-Dec-97,231.5
19-Dec-97,241.5
18-Dec-97,266.5
17-Dec-97,265.5
16-Dec-97,232
15-Dec-97,231
12-Dec-97,250.5
11-Dec-97,229.5
10-Dec-97,230.5
09-Dec-97,275.5
08-Dec-97,221
05-Dec-97,250
04-Dec-97,230.5
03-Dec-97,238
02-Dec-97,228
26-Nov-97,256.5
25-Nov-97,240.5
24-Nov-97,238.5
21-Nov-97,246
20-Nov-97,238
19-Nov-97,236
18-Nov-97,252
17-Nov-97,237
14-Nov-97,237
13-Nov-97,235
12-Nov-97,234
11-Nov-97,247
10-Nov-97,233.5
07-Nov-97,233
06-Nov-97,234
05-Nov-97,246.5
04-Nov-97,238.5
03-Nov-97,274.5
31-Oct-97,234
30-Oct-97,257.5
29-Oct-97,258.5
28-Oct-97,261.5
27-Oct-97,260.5
24-Oct-97,262
23-Oct-97,261.5
22-Oct-97,263.5
21-Oct-97,264
20-Oct-97,261
17-Oct-97,246
16-Oct-97,259
15-Oct-97,274.5
14-Oct-97,274.5
13-Oct-97,274.5
10-Oct-97,242.5
09-Oct-97,274
08-Oct-97,274
07-Oct-97,274.5
06-Oct-97,258
03-Oct-97,274.5
02-Oct-97,276
01-Oct-97,244.5
30-Sep-97,255
29-Sep-97,262.5
26-Sep-97,239
25-Sep-97,239
24-Sep-97,247.5
23-Sep-97,257
22-Sep-97,243
19-Sep-97,249.5
18-Sep-97,241
17-Sep-97,248
16-Sep-97,239
15-Sep-97,240
12-Sep-97,240
11-Sep-97,233.5
10-Sep-97,242
09-Sep-97,267.5
08-Sep-97,242
05-Sep-97,258
04-Sep-97,259
03-Sep-97,261
02-Sep-97,262
01-Sep-97,243.5
29-Aug-97,243
28-Aug-97,242
27-Aug-97,252.5
26-Aug-97,263.5
25-Aug-97,265.5
22-Aug-97,250
21-Aug-97,252.5
20-Aug-97,261
19-Aug-97,260.5
18-Aug-97,259
15-Aug-97,248
14-Aug-97,251.5
13-Aug-97,259
12-Aug-97,269.5
11-Aug-97,269
08-Aug-97,251.5
07-Aug-97,253
06-Aug-97,254
05-Aug-97,262
04-Aug-97,268.5
01-Aug-97,251
31-Jul-97,249.5
30-Jul-97,258
29-Jul-97,257.5
28-Jul-97,242
25-Jul-97,242
24-Jul-97,248.5
23-Jul-97,256
22-Jul-97,238
21-Jul-97,260.5
18-Jul-97,260
17-Jul-97,243
16-Jul-97,259.5
15-Jul-97,252
14-Jul-97,259.5
11-Jul-97,242.5
10-Jul-97,240
09-Jul-97,231.5
08-Jul-97,248
07-Jul-97,254.5
04-Jul-97,244
03-Jul-97,258.5
02-Jul-97,234.5
01-Jul-97,232.5
30-Jun-97,258
27-Jun-97,241
26-Jun-97,240
25-Jun-97,239.5
24-Jun-97,247.5
23-Jun-97,232
20-Jun-97,231.5
19-Jun-97,232.18
18-Jun-97,239.98
17-Jun-97,247.28
16-Jun-97,232.02
13-Jun-97,235
12-Jun-97,234
11-Jun-97,238.5
10-Jun-97,230
09-Jun-97,230
06-Jun-97,239.5
05-Jun-97,240
04-Jun-97,237
03-Jun-97,256
02-Jun-97,237
30-May-97,243.25
29-May-97,242.07
28-May-97,242.52
27-May-97,235
26-May-97,263.5
23-May-97,233.5
22-May-97,240.66
21-May-97,232.5
20-May-97,231.5
19-May-97,256
16-May-97,232
15-May-97,232.5
14-May-97,233
13-May-97,248
12-May-97,241.74
09-May-97,239.18
08-May-97,241.48
07-May-97,242.66
06-May-97,242.36
05-May-97,242.96
02-May-97,238.5
01-May-97,241.96
30-Apr-97,242.62
29-Apr-97,242.02
28-Apr-97,232.72
25-Apr-97,263.72
24-Apr-97,238.5
23-Apr-97,255
22-Apr-97,237.5
21-Apr-97,237.64
18-Apr-97,237.5
17-Apr-97,236.5
16-Apr-97,236.5
15-Apr-97,254
14-Apr-97,238.5
11-Apr-97,237.5
10-Apr-97,243.13
09-Apr-97,243.46
08-Apr-97,252.5
07-Apr-97,235.69
04-Apr-97,235.5
03-Apr-97,230.5
02-Apr-97,252.5
01-Apr-97,231.27
31-Mar-97,232.3
28-Mar-97,232.83
27-Mar-97,232.15
26-Mar-97,244
25-Mar-97,252
24-Mar-97,252.39
21-Mar-97,245
20-Mar-97,253.63
19-Mar-97,253.72
18-Mar-97,253.01
17-Mar-97,242.01
14-Mar-97,241.31
13-Mar-97,245.5
12-Mar-97,241.25
11-Mar-97,242.33
10-Mar-97,242.22
07-Mar-97,243.84
06-Mar-97,243.99
05-Mar-97,249.75
04-Mar-97,249.83
03-Mar-97,258.67
28-Feb-97,243.5
27-Feb-97,246.24
26-Feb-97,246.54
25-Feb-97,221.07
24-Feb-97,221.02
21-Feb-97,221.87
20-Feb-97,221.36
19-Feb-97,222.69
18-Feb-97,221.42
17-Feb-97,226.82
14-Feb-97,225.9
13-Feb-97,225.32
12-Feb-97,251.5
11-Feb-97,221.8
10-Feb-97,219.95
07-Feb-97,219.85
06-Feb-97,218.92
05-Feb-97,217.72
04-Feb-97,220.67
03-Feb-97,220.05
31-Jan-97,247.94
30-Jan-97,248.12
29-Jan-97,248.53
28-Jan-97,228.5
27-Jan-97,246
24-Jan-97,241
23-Jan-97,247.5
22-Jan-97,248.5
21-Jan-97,244
20-Jan-97,258.44
17-Jan-97,242.08
16-Jan-97,239.54
15-Jan-97,238
14-Jan-97,261.79
13-Jan-97,261.14
10-Jan-97,235.5
09-Jan-97,244.62
08-Jan-97,234
07-Jan-97,244.5
06-Jan-97,242.5
03-Jan-97,243.5
02-Jan-97,241.5
31-Dec-96,242.5
30-Dec-96,242.5
27-Dec-96,240.5
26-Dec-96,239.5
25-Dec-96,240.5
24-Dec-96,240
23-Dec-96,240.5
20-Dec-96,235.5
19-Dec-96,239
18-Dec-96,231.5
17-Dec-96,230.5
16-Dec-96,230.5
13-Dec-96,235.19
12-Dec-96,234.49
11-Dec-96,234.19
10-Dec-96,250.94
09-Dec-96,232.5
06-Dec-96,235.02
05-Dec-96,229.5
04-Dec-96,232
03-Dec-96,232
02-Dec-96,240.06
29-Nov-96,224.66
28-Nov-96,261.77
27-Nov-96,235.05
26-Nov-96,230
25-Nov-96,230
22-Nov-96,228
21-Nov-96,227.5
20-Nov-96,226.5
19-Nov-96,227.5
18-Nov-96,227.5
15-Nov-96,228.5
14-Nov-96,228
13-Nov-96,234.5
12-Nov-96,242.5
11-Nov-96,226.44
08-Nov-96,227
07-Nov-96,256
06-Nov-96,226.5
05-Nov-96,230
04-Nov-96,228
01-Nov-96,230
31-Oct-96,230
30-Oct-96,229
29-Oct-96,220.5
28-Oct-96,229.5
25-Oct-96,237
24-Oct-96,237
23-Oct-96,237.5
22-Oct-96,236.5
21-Oct-96,244
18-Oct-96,238.5
17-Oct-96,237
16-Oct-96,238
15-Oct-96,245.5
14-Oct-96,236
11-Oct-96,237
10-Oct-96,237
09-Oct-96,254.5
08-Oct-96,254.5
07-Oct-96,260.5
04-Oct-96,236
03-Oct-96,236
02-Oct-96,263
01-Oct-96,262
30-Sep-96,248.5
27-Sep-96,258
26-Sep-96,235
25-Sep-96,235.5
24-Sep-96,239.5
23-Sep-96,222.5
20-Sep-96,229
19-Sep-96,233
18-Sep-96,231
17-Sep-96,242.5
16-Sep-96,229
13-Sep-96,229
12-Sep-96,227.5
11-Sep-96,242
10-Sep-96,171.5
09-Sep-96,223.5
06-Sep-96,225
05-Sep-96,225
04-Sep-96,232.5
