Date, Line(QKRW1M=) 
28-Mar-17,-60
27-Mar-17,-70
24-Mar-17,-45
23-Mar-17,-35
22-Mar-17,-35
21-Mar-17,-35
20-Mar-17,-30
17-Mar-17,-25
16-Mar-17,-20
15-Mar-17,-10
14-Mar-17,-15
13-Mar-17,-5
10-Mar-17,
09-Mar-17,5
08-Mar-17,-5
07-Mar-17,-20
06-Mar-17,-20
03-Mar-17,-15
02-Mar-17,-20
01-Mar-17,-35
28-Feb-17,-35
27-Feb-17,-15
24-Feb-17,-15
23-Feb-17,-30
22-Feb-17,-45
21-Feb-17,-40
20-Feb-17,-50
17-Feb-17,-60
16-Feb-17,-45
15-Feb-17,-45
14-Feb-17,-45
13-Feb-17,-45
10-Feb-17,-50
09-Feb-17,-45
08-Feb-17,-35
07-Feb-17,-35
06-Feb-17,-40
03-Feb-17,-35
02-Feb-17,-25
01-Feb-17,-30
31-Jan-17,-35
30-Jan-17,-25
27-Jan-17,-25
26-Jan-17,-25
25-Jan-17,-20
24-Jan-17,-35
23-Jan-17,-25
20-Jan-17,-15
19-Jan-17,-15
18-Jan-17,-15
17-Jan-17,
16-Jan-17,
13-Jan-17,5
12-Jan-17,
11-Jan-17,5
10-Jan-17,5
09-Jan-17,
06-Jan-17,10
05-Jan-17,5
04-Jan-17,-5
03-Jan-17,5
02-Jan-17,5
30-Dec-16,
29-Dec-16,
28-Dec-16,-10
27-Dec-16,-25
26-Dec-16,-35
23-Dec-16,-45
22-Dec-16,-70
21-Dec-16,-60
20-Dec-16,-55
19-Dec-16,-40
16-Dec-16,-30
15-Dec-16,-30
14-Dec-16,-25
13-Dec-16,-5
12-Dec-16,10
09-Dec-16,10
08-Dec-16,10
07-Dec-16,10
06-Dec-16,5
05-Dec-16,
02-Dec-16,10
01-Dec-16,10
30-Nov-16,5
29-Nov-16,5
28-Nov-16,-5
25-Nov-16,10
24-Nov-16,25
23-Nov-16,30
22-Nov-16,20
21-Nov-16,15
18-Nov-16,20
17-Nov-16,35
16-Nov-16,30
15-Nov-16,40
14-Nov-16,40
11-Nov-16,40
10-Nov-16,30
09-Nov-16,25
08-Nov-16,25
07-Nov-16,25
04-Nov-16,25
03-Nov-16,30
02-Nov-16,25
01-Nov-16,25
31-Oct-16,15
28-Oct-16,15
27-Oct-16,20
26-Oct-16,15
25-Oct-16,20
24-Oct-16,30
21-Oct-16,30
20-Oct-16,30
19-Oct-16,30
18-Oct-16,35
17-Oct-16,35
14-Oct-16,35
13-Oct-16,25
12-Oct-16,25
11-Oct-16,25
10-Oct-16,25
07-Oct-16,20
06-Oct-16,30
05-Oct-16,25
04-Oct-16,30
03-Oct-16,25
30-Sep-16,25
29-Sep-16,30
28-Sep-16,30
27-Sep-16,40
26-Sep-16,40
23-Sep-16,40
22-Sep-16,50
21-Sep-16,40
20-Sep-16,40
19-Sep-16,35
16-Sep-16,30
15-Sep-16,30
14-Sep-16,30
13-Sep-16,30
12-Sep-16,35
09-Sep-16,35
08-Sep-16,35
07-Sep-16,30
06-Sep-16,30
05-Sep-16,30
02-Sep-16,30
01-Sep-16,30
31-Aug-16,15
30-Aug-16,15
29-Aug-16,15
26-Aug-16,15
25-Aug-16,20
24-Aug-16,20
23-Aug-16,20
22-Aug-16,25
19-Aug-16,20
18-Aug-16,20
17-Aug-16,15
16-Aug-16,15
15-Aug-16,20
12-Aug-16,20
11-Aug-16,25
10-Aug-16,15
09-Aug-16,20
08-Aug-16,15
05-Aug-16,35
04-Aug-16,45
03-Aug-16,45
02-Aug-16,35
01-Aug-16,35
29-Jul-16,25
28-Jul-16,30
27-Jul-16,25
26-Jul-16,30
25-Jul-16,35
22-Jul-16,30
21-Jul-16,35
20-Jul-16,40
19-Jul-16,45
18-Jul-16,45
15-Jul-16,45
14-Jul-16,50
13-Jul-16,50
12-Jul-16,55
11-Jul-16,50
08-Jul-16,50
07-Jul-16,55
06-Jul-16,55
05-Jul-16,50
04-Jul-16,45
01-Jul-16,45
30-Jun-16,35
29-Jun-16,45
28-Jun-16,50
27-Jun-16,50
24-Jun-16,50
23-Jun-16,55
22-Jun-16,60
21-Jun-16,65
20-Jun-16,65
17-Jun-16,70
16-Jun-16,75
15-Jun-16,75
14-Jun-16,75
13-Jun-16,65
10-Jun-16,65
09-Jun-16,70
08-Jun-16,80
07-Jun-16,90
06-Jun-16,80
03-Jun-16,80
02-Jun-16,80
01-Jun-16,75
31-May-16,75
30-May-16,75
27-May-16,75
26-May-16,75
25-May-16,75
24-May-16,80
23-May-16,90
20-May-16,85
19-May-16,85
18-May-16,90
17-May-16,100
16-May-16,105
13-May-16,90
12-May-16,75
11-May-16,80
10-May-16,90
09-May-16,85
06-May-16,75
05-May-16,75
04-May-16,75
03-May-16,70
02-May-16,70
29-Apr-16,55
28-Apr-16,65
27-Apr-16,65
26-Apr-16,80
25-Apr-16,75
22-Apr-16,70
21-Apr-16,70
20-Apr-16,80
19-Apr-16,85
18-Apr-16,90
15-Apr-16,90
14-Apr-16,90
13-Apr-16,95
12-Apr-16,95
11-Apr-16,100
08-Apr-16,95
07-Apr-16,95
06-Apr-16,95
05-Apr-16,100
04-Apr-16,95
01-Apr-16,100
31-Mar-16,90
30-Mar-16,100
29-Mar-16,95
28-Mar-16,90
25-Mar-16,95
24-Mar-16,95
23-Mar-16,85
22-Mar-16,90
21-Mar-16,100
18-Mar-16,100
17-Mar-16,100
16-Mar-16,105
15-Mar-16,115
14-Mar-16,115
11-Mar-16,110
10-Mar-16,115
09-Mar-16,115
08-Mar-16,115
07-Mar-16,115
04-Mar-16,110
03-Mar-16,110
02-Mar-16,110
01-Mar-16,105
29-Feb-16,105
26-Feb-16,110
25-Feb-16,100
24-Feb-16,100
23-Feb-16,100
22-Feb-16,110
19-Feb-16,105
18-Feb-16,95
17-Feb-16,80
16-Feb-16,85
15-Feb-16,85
12-Feb-16,80
11-Feb-16,100
10-Feb-16,110
09-Feb-16,110
08-Feb-16,110
05-Feb-16,110
04-Feb-16,110
03-Feb-16,120
02-Feb-16,100
01-Feb-16,95
29-Jan-16,85
28-Jan-16,105
27-Jan-16,110
26-Jan-16,115
25-Jan-16,110
22-Jan-16,110
21-Jan-16,120
20-Jan-16,125
19-Jan-16,130
18-Jan-16,135
15-Jan-16,125
14-Jan-16,125
13-Jan-16,120
12-Jan-16,135
11-Jan-16,140
08-Jan-16,120
07-Jan-16,110
06-Jan-16,115
05-Jan-16,120
04-Jan-16,120
01-Jan-16,100
31-Dec-15,100
30-Dec-15,100
29-Dec-15,90
28-Dec-15,85
25-Dec-15,80
24-Dec-15,80
23-Dec-15,90
22-Dec-15,80
21-Dec-15,75
18-Dec-15,75
17-Dec-15,80
16-Dec-15,90
15-Dec-15,100
14-Dec-15,115
11-Dec-15,110
10-Dec-15,110
09-Dec-15,100
08-Dec-15,95
07-Dec-15,105
04-Dec-15,110
03-Dec-15,115
02-Dec-15,120
01-Dec-15,125
30-Nov-15,120
27-Nov-15,130
26-Nov-15,120
25-Nov-15,120
24-Nov-15,120
23-Nov-15,130
20-Nov-15,120
19-Nov-15,115
18-Nov-15,115
17-Nov-15,120
16-Nov-15,115
13-Nov-15,120
12-Nov-15,120
11-Nov-15,120
10-Nov-15,125
09-Nov-15,125
06-Nov-15,110
05-Nov-15,115
04-Nov-15,125
03-Nov-15,135
02-Nov-15,125
30-Oct-15,115
29-Oct-15,115
28-Oct-15,110
27-Oct-15,95
26-Oct-15,105
23-Oct-15,100
22-Oct-15,105
21-Oct-15,105
20-Oct-15,105
19-Oct-15,105
16-Oct-15,95
15-Oct-15,100
14-Oct-15,105
13-Oct-15,110
12-Oct-15,115
09-Oct-15,115
08-Oct-15,115
07-Oct-15,120
06-Oct-15,125
05-Oct-15,130
02-Oct-15,130
01-Oct-15,140
30-Sep-15,130
29-Sep-15,140
28-Sep-15,140
25-Sep-15,140
24-Sep-15,125
23-Sep-15,125
22-Sep-15,125
21-Sep-15,125
18-Sep-15,125
17-Sep-15,125
16-Sep-15,125
15-Sep-15,130
14-Sep-15,135
11-Sep-15,135
10-Sep-15,150
09-Sep-15,145
08-Sep-15,155
07-Sep-15,160
04-Sep-15,140
03-Sep-15,135
02-Sep-15,135
01-Sep-15,125
31-Aug-15,115
28-Aug-15,115
27-Aug-15,115
26-Aug-15,130
25-Aug-15,150
24-Aug-15,165
21-Aug-15,145
20-Aug-15,150
19-Aug-15,150
18-Aug-15,160
17-Aug-15,155
14-Aug-15,140
13-Aug-15,140
12-Aug-15,140
11-Aug-15,135
10-Aug-15,130
07-Aug-15,120
06-Aug-15,125
05-Aug-15,125
04-Aug-15,130
03-Aug-15,125
31-Jul-15,115
30-Jul-15,120
29-Jul-15,110
28-Jul-15,110
27-Jul-15,115
24-Jul-15,115
23-Jul-15,125
22-Jul-15,125
21-Jul-15,125
20-Jul-15,120
17-Jul-15,110
16-Jul-15,110
15-Jul-15,110
14-Jul-15,115
13-Jul-15,120
10-Jul-15,110
09-Jul-15,105
08-Jul-15,100
07-Jul-15,105
06-Jul-15,110
03-Jul-15,100
02-Jul-15,95
01-Jul-15,90
30-Jun-15,80
29-Jun-15,80
26-Jun-15,80
25-Jun-15,80
24-Jun-15,85
23-Jun-15,80
22-Jun-15,80
19-Jun-15,80
18-Jun-15,85
17-Jun-15,85
16-Jun-15,100
15-Jun-15,100
12-Jun-15,95
11-Jun-15,95
10-Jun-15,95
09-Jun-15,105
08-Jun-15,110
05-Jun-15,115
04-Jun-15,115
03-Jun-15,115
02-Jun-15,120
01-Jun-15,110
29-May-15,105
28-May-15,110
27-May-15,115
26-May-15,110
25-May-15,115
22-May-15,115
21-May-15,115
20-May-15,110
19-May-15,110
18-May-15,120
15-May-15,105
14-May-15,100
13-May-15,100
12-May-15,105
11-May-15,110
08-May-15,100
07-May-15,100
06-May-15,95
05-May-15,100
04-May-15,100
01-May-15,95
30-Apr-15,95
29-Apr-15,100
28-Apr-15,95
27-Apr-15,105
24-Apr-15,105
23-Apr-15,95
22-Apr-15,100
21-Apr-15,105
20-Apr-15,95
17-Apr-15,100
16-Apr-15,100
15-Apr-15,110
14-Apr-15,115
13-Apr-15,110
10-Apr-15,110
09-Apr-15,105
08-Apr-15,105
07-Apr-15,110
06-Apr-15,110
03-Apr-15,115
02-Apr-15,115
01-Apr-15,110
31-Mar-15,115
30-Mar-15,115
27-Mar-15,115
26-Mar-15,115
25-Mar-15,115
24-Mar-15,120
23-Mar-15,125
20-Mar-15,120
19-Mar-15,125
18-Mar-15,130
17-Mar-15,140
16-Mar-15,145
13-Mar-15,135
12-Mar-15,135
11-Mar-15,140
10-Mar-15,145
09-Mar-15,140
06-Mar-15,130
05-Mar-15,135
04-Mar-15,135
03-Mar-15,140
02-Mar-15,145
27-Feb-15,145
26-Feb-15,140
25-Feb-15,145
24-Feb-15,125
23-Feb-15,125
20-Feb-15,125
19-Feb-15,125
18-Feb-15,125
17-Feb-15,125
16-Feb-15,125
13-Feb-15,125
12-Feb-15,125
11-Feb-15,130
10-Feb-15,135
09-Feb-15,130
06-Feb-15,135
05-Feb-15,140
04-Feb-15,140
03-Feb-15,140
02-Feb-15,130
30-Jan-15,125
29-Jan-15,125
28-Jan-15,125
27-Jan-15,125
26-Jan-15,125
23-Jan-15,130
22-Jan-15,135
21-Jan-15,130
20-Jan-15,145
19-Jan-15,155
16-Jan-15,155
15-Jan-15,160
14-Jan-15,140
13-Jan-15,150
12-Jan-15,155
09-Jan-15,145
08-Jan-15,155
07-Jan-15,150
06-Jan-15,165
05-Jan-15,170
02-Jan-15,170
01-Jan-15,180
31-Dec-14,180
30-Dec-14,180
29-Dec-14,175
26-Dec-14,175
25-Dec-14,170
24-Dec-14,170
23-Dec-14,165
22-Dec-14,165
19-Dec-14,150
18-Dec-14,155
17-Dec-14,160
16-Dec-14,165
15-Dec-14,170
12-Dec-14,160
11-Dec-14,160
10-Dec-14,165
09-Dec-14,170
08-Dec-14,180
05-Dec-14,170
04-Dec-14,175
03-Dec-14,175
02-Dec-14,175
01-Dec-14,175
28-Nov-14,155
27-Nov-14,165
26-Nov-14,170
25-Nov-14,165
24-Nov-14,160
21-Nov-14,160
20-Nov-14,155
19-Nov-14,155
18-Nov-14,160
17-Nov-14,145
14-Nov-14,145
13-Nov-14,150
12-Nov-14,150
11-Nov-14,150
10-Nov-14,140
07-Nov-14,140
06-Nov-14,145
05-Nov-14,150
04-Nov-14,150
03-Nov-14,135
31-Oct-14,130
30-Oct-14,125
29-Oct-14,110
28-Oct-14,115
27-Oct-14,125
24-Oct-14,135
23-Oct-14,140
22-Oct-14,130
21-Oct-14,135
20-Oct-14,140
17-Oct-14,135
16-Oct-14,135
15-Oct-14,140
14-Oct-14,160
13-Oct-14,165
10-Oct-14,150
09-Oct-14,145
08-Oct-14,145
07-Oct-14,155
06-Oct-14,170
03-Oct-14,160
02-Oct-14,160
01-Oct-14,155
30-Sep-14,155
29-Sep-14,160
26-Sep-14,140
25-Sep-14,135
24-Sep-14,145
23-Sep-14,160
22-Sep-14,160
19-Sep-14,155
18-Sep-14,155
17-Sep-14,155
16-Sep-14,155
15-Sep-14,140
12-Sep-14,145
11-Sep-14,145
10-Sep-14,160
09-Sep-14,160
08-Sep-14,160
05-Sep-14,160
04-Sep-14,165
03-Sep-14,160
02-Sep-14,165
01-Sep-14,165
29-Aug-14,150
28-Aug-14,150
27-Aug-14,160
26-Aug-14,160
25-Aug-14,155
22-Aug-14,145
21-Aug-14,145
20-Aug-14,140
19-Aug-14,150
18-Aug-14,160
15-Aug-14,155
14-Aug-14,155
13-Aug-14,150
12-Aug-14,160
11-Aug-14,175
08-Aug-14,165
07-Aug-14,175
06-Aug-14,200
05-Aug-14,210
04-Aug-14,225
01-Aug-14,185
31-Jul-14,175
30-Jul-14,175
29-Jul-14,155
28-Jul-14,155
25-Jul-14,160
24-Jul-14,155
23-Jul-14,160
22-Jul-14,165
21-Jul-14,170
18-Jul-14,155
17-Jul-14,155
16-Jul-14,160
15-Jul-14,160
14-Jul-14,150
11-Jul-14,145
10-Jul-14,135
09-Jul-14,135
08-Jul-14,140
07-Jul-14,140
04-Jul-14,135
03-Jul-14,125
02-Jul-14,120
01-Jul-14,120
30-Jun-14,125
27-Jun-14,130
26-Jun-14,130
25-Jun-14,130
24-Jun-14,130
23-Jun-14,125
20-Jun-14,130
19-Jun-14,135
18-Jun-14,125
17-Jun-14,130
16-Jun-14,120
13-Jun-14,135
12-Jun-14,140
11-Jun-14,145
10-Jun-14,150
09-Jun-14,155
06-Jun-14,155
05-Jun-14,155
04-Jun-14,155
03-Jun-14,155
02-Jun-14,155
30-May-14,155
29-May-14,160
28-May-14,160
27-May-14,165
26-May-14,170
23-May-14,155
22-May-14,150
21-May-14,155
20-May-14,175
19-May-14,180
16-May-14,170
15-May-14,170
14-May-14,170
13-May-14,175
12-May-14,185
09-May-14,170
08-May-14,165
07-May-14,165
06-May-14,180
05-May-14,180
02-May-14,180
01-May-14,190
30-Apr-14,190
29-Apr-14,170
28-Apr-14,160
25-Apr-14,150
24-Apr-14,150
23-Apr-14,150
22-Apr-14,160
21-Apr-14,145
18-Apr-14,150
17-Apr-14,145
16-Apr-14,140
15-Apr-14,150
14-Apr-14,155
11-Apr-14,160
10-Apr-14,160
09-Apr-14,175
08-Apr-14,185
07-Apr-14,170
04-Apr-14,165
03-Apr-14,165
02-Apr-14,185
01-Apr-14,185
31-Mar-14,160
28-Mar-14,170
27-Mar-14,160
26-Mar-14,175
25-Mar-14,175
24-Mar-14,180
21-Mar-14,175
20-Mar-14,175
19-Mar-14,180
18-Mar-14,185
17-Mar-14,185
14-Mar-14,175
13-Mar-14,180
12-Mar-14,180
11-Mar-14,190
10-Mar-14,205
07-Mar-14,195
06-Mar-14,195
05-Mar-14,195
04-Mar-14,205
03-Mar-14,210
28-Feb-14,195
27-Feb-14,195
26-Feb-14,190
25-Feb-14,175
24-Feb-14,175
21-Feb-14,180
20-Feb-14,180
19-Feb-14,180
18-Feb-14,180
17-Feb-14,185
14-Feb-14,185
13-Feb-14,185
12-Feb-14,190
11-Feb-14,190
10-Feb-14,190
07-Feb-14,190
06-Feb-14,190
05-Feb-14,190
04-Feb-14,190
03-Feb-14,190
31-Jan-14,195
30-Jan-14,195
29-Jan-14,195
28-Jan-14,190
27-Jan-14,205
24-Jan-14,215
23-Jan-14,210
22-Jan-14,210
21-Jan-14,220
20-Jan-14,225
17-Jan-14,205
16-Jan-14,205
15-Jan-14,210
14-Jan-14,220
13-Jan-14,230
10-Jan-14,215
09-Jan-14,205
08-Jan-14,200
07-Jan-14,210
06-Jan-14,220
03-Jan-14,215
02-Jan-14,215
01-Jan-14,225
31-Dec-13,225
30-Dec-13,225
27-Dec-13,220
26-Dec-13,210
25-Dec-13,225
24-Dec-13,225
23-Dec-13,215
20-Dec-13,190
19-Dec-13,180
18-Dec-13,175
17-Dec-13,185
16-Dec-13,195
13-Dec-13,185
12-Dec-13,185
11-Dec-13,190
10-Dec-13,210
09-Dec-13,220
06-Dec-13,210
05-Dec-13,210
04-Dec-13,222
03-Dec-13,225
02-Dec-13,235
29-Nov-13,220
28-Nov-13,230
27-Nov-13,230
26-Nov-13,230
25-Nov-13,215
22-Nov-13,215
21-Nov-13,225
20-Nov-13,225
19-Nov-13,230
18-Nov-13,215
15-Nov-13,215
14-Nov-13,230
13-Nov-13,235
12-Nov-13,240
11-Nov-13,230
08-Nov-13,230
07-Nov-13,230
06-Nov-13,235
05-Nov-13,240
04-Nov-13,235
01-Nov-13,230
31-Oct-13,235
30-Oct-13,240
29-Oct-13,225
28-Oct-13,220
25-Oct-13,215
24-Oct-13,220
23-Oct-13,210
22-Oct-13,215
21-Oct-13,220
18-Oct-13,210
17-Oct-13,215
16-Oct-13,215
15-Oct-13,220
14-Oct-13,230
11-Oct-13,215
10-Oct-13,210
09-Oct-13,210
08-Oct-13,210
07-Oct-13,225
04-Oct-13,220
03-Oct-13,230
02-Oct-13,230
01-Oct-13,215
30-Sep-13,230
27-Sep-13,230
26-Sep-13,240
25-Sep-13,225
24-Sep-13,225
23-Sep-13,215
20-Sep-13,215
19-Sep-13,215
18-Sep-13,215
17-Sep-13,215
16-Sep-13,215
13-Sep-13,215
12-Sep-13,205
11-Sep-13,215
10-Sep-13,225
09-Sep-13,210
06-Sep-13,220
05-Sep-13,230
04-Sep-13,225
03-Sep-13,230
02-Sep-13,210
30-Aug-13,220
29-Aug-13,225
28-Aug-13,220
27-Aug-13,215
26-Aug-13,215
23-Aug-13,205
22-Aug-13,210
21-Aug-13,210
20-Aug-13,210
19-Aug-13,205
16-Aug-13,210
15-Aug-13,220
14-Aug-13,220
13-Aug-13,200
12-Aug-13,215
09-Aug-13,200
08-Aug-13,195
07-Aug-13,195
06-Aug-13,200
05-Aug-13,210
02-Aug-13,200
01-Aug-13,205
31-Jul-13,215
30-Jul-13,215
29-Jul-13,200
26-Jul-13,195
25-Jul-13,190
24-Jul-13,190
23-Jul-13,190
22-Jul-13,170
19-Jul-13,185
18-Jul-13,180
17-Jul-13,180
16-Jul-13,180
15-Jul-13,180
12-Jul-13,170
11-Jul-13,180
10-Jul-13,175
09-Jul-13,180
08-Jul-13,175
05-Jul-13,170
04-Jul-13,175
03-Jul-13,180
02-Jul-13,170
01-Jul-13,185
28-Jun-13,185
27-Jun-13,185
26-Jun-13,200
25-Jun-13,185
24-Jun-13,170
21-Jun-13,165
20-Jun-13,165
19-Jun-13,175
18-Jun-13,180
17-Jun-13,170
14-Jun-13,170
13-Jun-13,170
12-Jun-13,180
11-Jun-13,190
10-Jun-13,170
07-Jun-13,175
06-Jun-13,175
05-Jun-13,171
04-Jun-13,185
03-Jun-13,185
31-May-13,185
30-May-13,170
29-May-13,155
28-May-13,150
27-May-13,145
24-May-13,145
23-May-13,150
22-May-13,160
21-May-13,170
20-May-13,175
17-May-13,170
16-May-13,170
15-May-13,170
14-May-13,170
13-May-13,175
10-May-13,160
09-May-13,160
08-May-13,160
07-May-13,175
06-May-13,175
03-May-13,160
02-May-13,145
01-May-13,130
30-Apr-13,130
29-Apr-13,120
26-Apr-13,125
25-Apr-13,120
24-Apr-13,130
23-Apr-13,155
22-Apr-13,155
19-Apr-13,155
18-Apr-13,135
17-Apr-13,125
16-Apr-13,150
15-Apr-13,155
12-Apr-13,165
11-Apr-13,170
10-Apr-13,170
09-Apr-13,185
08-Apr-13,170
05-Apr-13,160
04-Apr-13,170
03-Apr-13,135
02-Apr-13,175
01-Apr-13,195
29-Mar-13,195
28-Mar-13,190
27-Mar-13,205
26-Mar-13,215
25-Mar-13,230
22-Mar-13,220
21-Mar-13,220
20-Mar-13,225
19-Mar-13,230
18-Mar-13,235
15-Mar-13,225
14-Mar-13,225
13-Mar-13,220
12-Mar-13,225
11-Mar-13,230
08-Mar-13,215
07-Mar-13,215
06-Mar-13,215
05-Mar-13,220
04-Mar-13,225
01-Mar-13,210
28-Feb-13,210
27-Feb-13,215
26-Feb-13,205
25-Feb-13,200
22-Feb-13,195
21-Feb-13,195
20-Feb-13,195
19-Feb-13,190
18-Feb-13,190
15-Feb-13,190
14-Feb-13,185
13-Feb-13,185
12-Feb-13,185
11-Feb-13,185
08-Feb-13,185
07-Feb-13,185
06-Feb-13,190
05-Feb-13,190
04-Feb-13,190
01-Feb-13,190
31-Jan-13,190
30-Jan-13,210
29-Jan-13,190
28-Jan-13,195
25-Jan-13,205
24-Jan-13,210
23-Jan-13,205
22-Jan-13,210
21-Jan-13,220
18-Jan-13,210
17-Jan-13,210
16-Jan-13,215
15-Jan-13,220
14-Jan-13,220
11-Jan-13,200
10-Jan-13,195
09-Jan-13,210
08-Jan-13,220
07-Jan-13,230
04-Jan-13,205
03-Jan-13,205
02-Jan-13,210
01-Jan-13,220
31-Dec-12,220
28-Dec-12,220
27-Dec-12,205
26-Dec-12,200
25-Dec-12,195
24-Dec-12,195
21-Dec-12,190
20-Dec-12,180
19-Dec-12,175
18-Dec-12,175
17-Dec-12,170
14-Dec-12,155
13-Dec-12,145
12-Dec-12,145
11-Dec-12,150
10-Dec-12,155
07-Dec-12,160
06-Dec-12,170
05-Dec-12,165
04-Dec-12,170
03-Dec-12,170
30-Nov-12,155
29-Nov-12,170
28-Nov-12,175
27-Nov-12,170
26-Nov-12,150
23-Nov-12,145
22-Nov-12,150
21-Nov-12,155
20-Nov-12,155
19-Nov-12,150
16-Nov-12,145
15-Nov-12,150
14-Nov-12,160
13-Nov-12,170
12-Nov-12,165
09-Nov-12,170
08-Nov-12,170
07-Nov-12,180
06-Nov-12,195
05-Nov-12,185
02-Nov-12,185
01-Nov-12,180
31-Oct-12,190
30-Oct-12,195
29-Oct-12,175
26-Oct-12,170
25-Oct-12,170
24-Oct-12,180
23-Oct-12,185
22-Oct-12,195
19-Oct-12,185
18-Oct-12,195
17-Oct-12,190
16-Oct-12,195
15-Oct-12,200
12-Oct-12,185
11-Oct-12,180
10-Oct-12,185
09-Oct-12,200
08-Oct-12,200
05-Oct-12,180
04-Oct-12,180
03-Oct-12,180
02-Oct-12,180
01-Oct-12,180
28-Sep-12,180
27-Sep-12,175
26-Sep-12,185
25-Sep-12,175
24-Sep-12,175
21-Sep-12,185
20-Sep-12,185
19-Sep-12,185
18-Sep-12,185
17-Sep-12,180
14-Sep-12,190
13-Sep-12,185
12-Sep-12,185
11-Sep-12,185
10-Sep-12,180
07-Sep-12,200
06-Sep-12,210
05-Sep-12,230
04-Sep-12,235
03-Sep-12,215
31-Aug-12,210
30-Aug-12,210
29-Aug-12,190
28-Aug-12,200
27-Aug-12,215
24-Aug-12,225
23-Aug-12,230
22-Aug-12,230
21-Aug-12,235
20-Aug-12,240
17-Aug-12,230
16-Aug-12,235
15-Aug-12,235
14-Aug-12,235
13-Aug-12,240
10-Aug-12,235
09-Aug-12,240
08-Aug-12,235
07-Aug-12,240
06-Aug-12,250
03-Aug-12,240
02-Aug-12,240
01-Aug-12,250
31-Jul-12,260
30-Jul-12,265
27-Jul-12,235
26-Jul-12,235
25-Jul-12,225
24-Jul-12,230
23-Jul-12,235
20-Jul-12,220
19-Jul-12,220
18-Jul-12,220
17-Jul-12,225
16-Jul-12,230
13-Jul-12,210
12-Jul-12,210
11-Jul-12,225
10-Jul-12,235
09-Jul-12,235
06-Jul-12,235
05-Jul-12,245
04-Jul-12,245
03-Jul-12,260
02-Jul-12,255
29-Jun-12,250
28-Jun-12,250
27-Jun-12,260
26-Jun-12,265
25-Jun-12,255
22-Jun-12,255
21-Jun-12,255
20-Jun-12,250
19-Jun-12,255
18-Jun-12,240
15-Jun-12,235
14-Jun-12,235
13-Jun-12,245
12-Jun-12,265
11-Jun-12,250
08-Jun-12,250
07-Jun-12,265
06-Jun-12,270
05-Jun-12,270
04-Jun-12,275
01-Jun-12,255
31-May-12,255
30-May-12,260
29-May-12,245
28-May-12,245
25-May-12,245
24-May-12,245
23-May-12,245
22-May-12,245
21-May-12,250
18-May-12,230
17-May-12,240
16-May-12,240
15-May-12,235
14-May-12,250
11-May-12,240
10-May-12,235
09-May-12,220
08-May-12,230
07-May-12,240
04-May-12,230
03-May-12,230
02-May-12,235
01-May-12,245
30-Apr-12,245
27-Apr-12,255
26-Apr-12,230
25-Apr-12,225
24-Apr-12,240
23-Apr-12,225
20-Apr-12,235
19-Apr-12,235
18-Apr-12,240
17-Apr-12,250
16-Apr-12,245
13-Apr-12,245
12-Apr-12,245
11-Apr-12,255
10-Apr-12,255
09-Apr-12,270
06-Apr-12,260
05-Apr-12,260
04-Apr-12,270
03-Apr-12,280
02-Apr-12,265
30-Mar-12,265
29-Mar-12,260
28-Mar-12,280
27-Mar-12,280
26-Mar-12,280
23-Mar-12,265
22-Mar-12,265
21-Mar-12,260
20-Mar-12,270
19-Mar-12,280
16-Mar-12,260
15-Mar-12,260
14-Mar-12,260
13-Mar-12,265
12-Mar-12,275
09-Mar-12,260
08-Mar-12,260
07-Mar-12,260
06-Mar-12,265
05-Mar-12,280
02-Mar-12,265
01-Mar-12,265
29-Feb-12,265
28-Feb-12,265
27-Feb-12,255
24-Feb-12,280
23-Feb-12,230
22-Feb-12,250
21-Feb-12,235
20-Feb-12,230
17-Feb-12,230
16-Feb-12,230
15-Feb-12,255
14-Feb-12,235
13-Feb-12,235
10-Feb-12,235
09-Feb-12,290
08-Feb-12,260
07-Feb-12,250
06-Feb-12,250
03-Feb-12,260
02-Feb-12,265
01-Feb-12,280
31-Jan-12,260
30-Jan-12,265
27-Jan-12,250
26-Jan-12,255
25-Jan-12,255
24-Jan-12,265
23-Jan-12,265
20-Jan-12,265
19-Jan-12,270
18-Jan-12,265
17-Jan-12,275
16-Jan-12,280
13-Jan-12,255
12-Jan-12,255
11-Jan-12,250
10-Jan-12,255
09-Jan-12,255
06-Jan-12,235
05-Jan-12,245
04-Jan-12,255
03-Jan-12,265
02-Jan-12,270
30-Dec-11,270
29-Dec-11,270
28-Dec-11,265
27-Dec-11,250
26-Dec-11,250
23-Dec-11,235
22-Dec-11,280
21-Dec-11,260
20-Dec-11,265
19-Dec-11,275
16-Dec-11,255
15-Dec-11,250
14-Dec-11,255
13-Dec-11,260
12-Dec-11,275
09-Dec-11,235
08-Dec-11,240
07-Dec-11,250
06-Dec-11,255
05-Dec-11,270
02-Dec-11,260
01-Dec-11,250
30-Nov-11,255
29-Nov-11,260
28-Nov-11,230
25-Nov-11,230
24-Nov-11,230
23-Nov-11,245
22-Nov-11,235
21-Nov-11,230
18-Nov-11,225
17-Nov-11,260
16-Nov-11,260
15-Nov-11,260
14-Nov-11,260
11-Nov-11,265
10-Nov-11,270
09-Nov-11,270
08-Nov-11,280
07-Nov-11,250
04-Nov-11,265
03-Nov-11,260
02-Nov-11,265
01-Nov-11,250
31-Oct-11,250
28-Oct-11,250
27-Oct-11,250
26-Oct-11,250
25-Oct-11,255
24-Oct-11,260
21-Oct-11,240
20-Oct-11,240
19-Oct-11,235
18-Oct-11,230
17-Oct-11,245
14-Oct-11,235
13-Oct-11,230
12-Oct-11,235
11-Oct-11,240
10-Oct-11,255
07-Oct-11,255
06-Oct-11,250
05-Oct-11,220
04-Oct-11,220
03-Oct-11,245
30-Sep-11,245
29-Sep-11,250
28-Sep-11,265
27-Sep-11,280
26-Sep-11,255
23-Sep-11,230
22-Sep-11,210
21-Sep-11,215
20-Sep-11,205
19-Sep-11,185
16-Sep-11,205
15-Sep-11,190
14-Sep-11,210
13-Sep-11,240
12-Sep-11,240
09-Sep-11,240
08-Sep-11,235
07-Sep-11,250
06-Sep-11,245
05-Sep-11,225
02-Sep-11,225
01-Sep-11,215
31-Aug-11,225
30-Aug-11,215
29-Aug-11,190
26-Aug-11,195
25-Aug-11,195
24-Aug-11,195
23-Aug-11,205
22-Aug-11,205
19-Aug-11,185
18-Aug-11,195
17-Aug-11,200
16-Aug-11,185
15-Aug-11,200
12-Aug-11,200
11-Aug-11,205
10-Aug-11,220
09-Aug-11,230
08-Aug-11,240
05-Aug-11,240
04-Aug-11,245
03-Aug-11,245
02-Aug-11,255
01-Aug-11,265
29-Jul-11,235
28-Jul-11,235
27-Jul-11,250
26-Jul-11,245
25-Jul-11,250
22-Jul-11,240
21-Jul-11,240
20-Jul-11,245
19-Jul-11,245
18-Jul-11,255
15-Jul-11,230
14-Jul-11,230
13-Jul-11,230
12-Jul-11,235
11-Jul-11,245
08-Jul-11,225
07-Jul-11,220
06-Jul-11,210
05-Jul-11,220
04-Jul-11,230
01-Jul-11,215
30-Jun-11,210
29-Jun-11,210
28-Jun-11,195
27-Jun-11,200
24-Jun-11,205
23-Jun-11,200
22-Jun-11,205
21-Jun-11,195
20-Jun-11,180
17-Jun-11,175
16-Jun-11,165
15-Jun-11,195
14-Jun-11,205
13-Jun-11,200
10-Jun-11,200
09-Jun-11,200
08-Jun-11,200
07-Jun-11,215
06-Jun-11,215
03-Jun-11,215
02-Jun-11,215
01-Jun-11,235
31-May-11,240
30-May-11,225
27-May-11,220
26-May-11,225
25-May-11,230
24-May-11,235
23-May-11,235
20-May-11,230
19-May-11,230
18-May-11,230
17-May-11,235
16-May-11,240
13-May-11,225
12-May-11,225
11-May-11,230
10-May-11,235
09-May-11,235
06-May-11,245
05-May-11,230
04-May-11,230
03-May-11,230
02-May-11,235
29-Apr-11,220
28-Apr-11,220
27-Apr-11,210
26-Apr-11,215
25-Apr-11,200
22-Apr-11,205
21-Apr-11,205
20-Apr-11,215
19-Apr-11,215
18-Apr-11,200
15-Apr-11,200
14-Apr-11,195
13-Apr-11,195
12-Apr-11,200
11-Apr-11,190
08-Apr-11,195
07-Apr-11,195
06-Apr-11,205
05-Apr-11,215
04-Apr-11,200
01-Apr-11,200
31-Mar-11,195
30-Mar-11,205
29-Mar-11,195
28-Mar-11,200
25-Mar-11,200
24-Mar-11,205
23-Mar-11,210
22-Mar-11,210
21-Mar-11,215
18-Mar-11,210
17-Mar-11,210
16-Mar-11,205
15-Mar-11,200
14-Mar-11,210
11-Mar-11,205
10-Mar-11,205
09-Mar-11,210
08-Mar-11,215
07-Mar-11,225
04-Mar-11,215
03-Mar-11,220
02-Mar-11,215
01-Mar-11,210
28-Feb-11,210
25-Feb-11,215
24-Feb-11,190
23-Feb-11,170
22-Feb-11,165
21-Feb-11,170
18-Feb-11,165
17-Feb-11,170
16-Feb-11,165
15-Feb-11,170
14-Feb-11,180
11-Feb-11,180
10-Feb-11,180
09-Feb-11,180
08-Feb-11,175
07-Feb-11,195
04-Feb-11,205
03-Feb-11,205
02-Feb-11,205
01-Feb-11,205
31-Jan-11,210
28-Jan-11,210
27-Jan-11,195
26-Jan-11,205
25-Jan-11,205
24-Jan-11,200
21-Jan-11,190
20-Jan-11,190
19-Jan-11,195
18-Jan-11,200
17-Jan-11,215
14-Jan-11,195
13-Jan-11,195
12-Jan-11,185
11-Jan-11,190
10-Jan-11,190
07-Jan-11,180
06-Jan-11,180
05-Jan-11,175
04-Jan-11,185
03-Jan-11,185
31-Dec-10,205
30-Dec-10,205
29-Dec-10,165
28-Dec-10,120
27-Dec-10,180
24-Dec-10,170
23-Dec-10,180
22-Dec-10,175
21-Dec-10,180
20-Dec-10,190
17-Dec-10,190
16-Dec-10,170
15-Dec-10,175
14-Dec-10,195
13-Dec-10,215
10-Dec-10,210
09-Dec-10,205
08-Dec-10,205
07-Dec-10,210
06-Dec-10,210
03-Dec-10,200
02-Dec-10,205
01-Dec-10,200
30-Nov-10,195
29-Nov-10,200
26-Nov-10,200
25-Nov-10,200
24-Nov-10,205
23-Nov-10,210
22-Nov-10,210
19-Nov-10,210
18-Nov-10,210
17-Nov-10,200
16-Nov-10,195
15-Nov-10,185
12-Nov-10,160
11-Nov-10,160
10-Nov-10,165
09-Nov-10,160
08-Nov-10,150
05-Nov-10,155
04-Nov-10,160
03-Nov-10,165
02-Nov-10,160
01-Nov-10,145
29-Oct-10,150
28-Oct-10,155
27-Oct-10,160
26-Oct-10,140
25-Oct-10,125
22-Oct-10,110
21-Oct-10,85
20-Oct-10,90
19-Oct-10,105
18-Oct-10,120
15-Oct-10,115
14-Oct-10,120
13-Oct-10,135
12-Oct-10,135
11-Oct-10,140
08-Oct-10,130
07-Oct-10,120
06-Oct-10,115
05-Oct-10,120
04-Oct-10,130
01-Oct-10,130
30-Sep-10,140
29-Sep-10,135
28-Sep-10,120
27-Sep-10,135
24-Sep-10,135
23-Sep-10,140
22-Sep-10,140
21-Sep-10,140
20-Sep-10,140
17-Sep-10,155
16-Sep-10,155
15-Sep-10,150
14-Sep-10,165
13-Sep-10,165
10-Sep-10,170
09-Sep-10,180
08-Sep-10,195
07-Sep-10,210
06-Sep-10,190
03-Sep-10,190
02-Sep-10,200
01-Sep-10,205
31-Aug-10,200
30-Aug-10,205
27-Aug-10,195
26-Aug-10,195
25-Aug-10,190
24-Aug-10,195
23-Aug-10,195
20-Aug-10,185
19-Aug-10,190
18-Aug-10,185
17-Aug-10,190
16-Aug-10,190
13-Aug-10,175
12-Aug-10,170
11-Aug-10,165
10-Aug-10,170
09-Aug-10,180
06-Aug-10,175
05-Aug-10,185
04-Aug-10,185
03-Aug-10,180
02-Aug-10,185
30-Jul-10,170
29-Jul-10,170
28-Jul-10,165
27-Jul-10,165
26-Jul-10,170
23-Jul-10,150
22-Jul-10,140
21-Jul-10,130
20-Jul-10,130
19-Jul-10,130
16-Jul-10,120
15-Jul-10,120
14-Jul-10,115
13-Jul-10,135
12-Jul-10,150
09-Jul-10,150
08-Jul-10,150
07-Jul-10,150
06-Jul-10,150
05-Jul-10,150
02-Jul-10,140
01-Jul-10,140
30-Jun-10,135
29-Jun-10,125
28-Jun-10,120
25-Jun-10,110
24-Jun-10,115
23-Jun-10,110
22-Jun-10,105
21-Jun-10,115
18-Jun-10,110
17-Jun-10,110
16-Jun-10,115
15-Jun-10,120
14-Jun-10,120
11-Jun-10,115
10-Jun-10,120
09-Jun-10,120
08-Jun-10,130
07-Jun-10,125
04-Jun-10,125
03-Jun-10,120
02-Jun-10,95
01-Jun-10,95
31-May-10,90
28-May-10,90
27-May-10,90
26-May-10,70
25-May-10,20
24-May-10,70
21-May-10,55
20-May-10,55
19-May-10,60
18-May-10,45
17-May-10,50
14-May-10,80
13-May-10,85
12-May-10,80
11-May-10,95
10-May-10,105
07-May-10,95
06-May-10,95
05-May-10,105
04-May-10,105
03-May-10,100
30-Apr-10,105
29-Apr-10,85
28-Apr-10,50
27-Apr-10,45
26-Apr-10,75
23-Apr-10,85
22-Apr-10,90
21-Apr-10,90
20-Apr-10,85
19-Apr-10,75
16-Apr-10,75
15-Apr-10,90
14-Apr-10,105
13-Apr-10,115
12-Apr-10,105
09-Apr-10,115
08-Apr-10,115
07-Apr-10,120
06-Apr-10,125
05-Apr-10,130
02-Apr-10,130
01-Apr-10,135
31-Mar-10,135
30-Mar-10,140
29-Mar-10,135
26-Mar-10,135
25-Mar-10,135
24-Mar-10,135
23-Mar-10,135
22-Mar-10,140
19-Mar-10,120
18-Mar-10,115
17-Mar-10,115
16-Mar-10,120
15-Mar-10,135
12-Mar-10,125
11-Mar-10,125
10-Mar-10,120
09-Mar-10,120
08-Mar-10,120
05-Mar-10,110
04-Mar-10,105
03-Mar-10,105
02-Mar-10,105
01-Mar-10,100
26-Feb-10,100
25-Feb-10,110
24-Feb-10,125
23-Feb-10,105
22-Feb-10,105
19-Feb-10,105
18-Feb-10,110
17-Feb-10,110
16-Feb-10,115
15-Feb-10,115
12-Feb-10,115
11-Feb-10,110
10-Feb-10,105
09-Feb-10,105
08-Feb-10,105
05-Feb-10,100
04-Feb-10,105
03-Feb-10,110
02-Feb-10,100
01-Feb-10,95
29-Jan-10,95
28-Jan-10,95
27-Jan-10,80
26-Jan-10,70
25-Jan-10,65
22-Jan-10,60
21-Jan-10,75
20-Jan-10,85
19-Jan-10,85
18-Jan-10,80
15-Jan-10,65
14-Jan-10,70
13-Jan-10,70
12-Jan-10,75
11-Jan-10,70
08-Jan-10,95
07-Jan-10,105
06-Jan-10,115
05-Jan-10,115
04-Jan-10,120
01-Jan-10,120
31-Dec-09,120
30-Dec-09,120
29-Dec-09,60
28-Dec-09,60
25-Dec-09,70
24-Dec-09,70
23-Dec-09,55
22-Dec-09,80
21-Dec-09,95
18-Dec-09,80
17-Dec-09,85
16-Dec-09,75
15-Dec-09,75
14-Dec-09,80
11-Dec-09,75
10-Dec-09,85
09-Dec-09,80
08-Dec-09,80
07-Dec-09,90
04-Dec-09,95
03-Dec-09,95
02-Dec-09,90
01-Dec-09,85
30-Nov-09,80
27-Nov-09,90
26-Nov-09,110
25-Nov-09,100
24-Nov-09,100
23-Nov-09,100
20-Nov-09,95
19-Nov-09,90
18-Nov-09,90
17-Nov-09,90
16-Nov-09,95
13-Nov-09,85
12-Nov-09,75
11-Nov-09,80
10-Nov-09,85
09-Nov-09,90
06-Nov-09,90
05-Nov-09,75
04-Nov-09,70
03-Nov-09,55
02-Nov-09,45
30-Oct-09,50
29-Oct-09,30
28-Oct-09,25
27-Oct-09,20
26-Oct-09,20
23-Oct-09,25
22-Oct-09,20
21-Oct-09,15
20-Oct-09,5
19-Oct-09,-5
16-Oct-09,-70
15-Oct-09,-40
14-Oct-09,-25
13-Oct-09,-5
12-Oct-09,15
09-Oct-09,25
08-Oct-09,35
07-Oct-09,55
06-Oct-09,60
05-Oct-09,60
02-Oct-09,60
01-Oct-09,60
30-Sep-09,45
29-Sep-09,45
28-Sep-09,25
25-Sep-09,20
24-Sep-09,20
23-Sep-09,20
22-Sep-09,30
21-Sep-09,35
18-Sep-09,40
17-Sep-09,45
16-Sep-09,45
15-Sep-09,40
14-Sep-09,35
11-Sep-09,40
10-Sep-09,35
09-Sep-09,25
08-Sep-09,20
07-Sep-09,15
04-Sep-09,15
03-Sep-09,25
02-Sep-09,30
01-Sep-09,45
31-Aug-09,40
28-Aug-09,30
27-Aug-09,10
26-Aug-09,20
25-Aug-09,50
24-Aug-09,60
21-Aug-09,55
20-Aug-09,50
19-Aug-09,55
18-Aug-09,50
17-Aug-09,50
14-Aug-09,55
13-Aug-09,55
12-Aug-09,35
11-Aug-09,45
10-Aug-09,40
07-Aug-09,45
06-Aug-09,55
05-Aug-09,60
04-Aug-09,55
03-Aug-09,50
31-Jul-09,30
30-Jul-09,20
29-Jul-09,25
28-Jul-09,-20
27-Jul-09,-35
24-Jul-09,-45
23-Jul-09,-70
22-Jul-09,-55
21-Jul-09,-45
20-Jul-09,-40
17-Jul-09,-40
16-Jul-09,-40
15-Jul-09,-50
14-Jul-09,-70
13-Jul-09,-95
10-Jul-09,-85
09-Jul-09,-80
08-Jul-09,-35
07-Jul-09,-65
06-Jul-09,-75
03-Jul-09,-130
02-Jul-09,-150
01-Jul-09,-170
30-Jun-09,-240
29-Jun-09,-270
26-Jun-09,-310
25-Jun-09,-300
24-Jun-09,-300
23-Jun-09,-360
22-Jun-09,-370
19-Jun-09,-390
18-Jun-09,-420
17-Jun-09,-380
16-Jun-09,-370
15-Jun-09,-330
12-Jun-09,-360
11-Jun-09,-370
10-Jun-09,-350
09-Jun-09,-350
08-Jun-09,-280
05-Jun-09,-260
04-Jun-09,-250
03-Jun-09,-200
02-Jun-09,-230
01-Jun-09,-240
29-May-09,-165
28-May-09,-160
27-May-09,-300
26-May-09,-160
25-May-09,-130
22-May-09,-100
21-May-09,-90
20-May-09,-75
19-May-09,-75
18-May-09,-70
15-May-09,-70
14-May-09,-70
13-May-09,-70
12-May-09,-95
11-May-09,-95
08-May-09,-100
07-May-09,-95
06-May-09,-115
05-May-09,-120
04-May-09,-120
01-May-09,-140
30-Apr-09,-140
29-Apr-09,-115
28-Apr-09,-115
27-Apr-09,-100
24-Apr-09,-110
23-Apr-09,-130
22-Apr-09,-150
21-Apr-09,-145
20-Apr-09,-115
17-Apr-09,-115
16-Apr-09,-110
15-Apr-09,-135
14-Apr-09,-105
13-Apr-09,-90
10-Apr-09,-70
09-Apr-09,-90
08-Apr-09,-90
07-Apr-09,-100
06-Apr-09,-135
03-Apr-09,-150
02-Apr-09,-155
01-Apr-09,-190
31-Mar-09,-210
30-Mar-09,-175
27-Mar-09,-195
26-Mar-09,-170
25-Mar-09,-200
24-Mar-09,-175
23-Mar-09,-175
20-Mar-09,-135
19-Mar-09,-95
18-Mar-09,-90
17-Mar-09,-90
16-Mar-09,-105
13-Mar-09,-100
12-Mar-09,-80
11-Mar-09,-60
10-Mar-09,-50
09-Mar-09,-65
06-Mar-09,-50
05-Mar-09,-35
04-Mar-09,-30
03-Mar-09,-35
02-Mar-09,-45
27-Feb-09,-50
26-Feb-09,-55
25-Feb-09,-50
24-Feb-09,-45
23-Feb-09,-50
20-Feb-09,-60
19-Feb-09,-70
18-Feb-09,-85
17-Feb-09,-70
16-Feb-09,-50
13-Feb-09,-40
12-Feb-09,-40
11-Feb-09,-35
10-Feb-09,-35
09-Feb-09,-35
06-Feb-09,-25
05-Feb-09,-15
04-Feb-09,-25
03-Feb-09,-35
02-Feb-09,-35
30-Jan-09,-25
29-Jan-09,-40
28-Jan-09,-30
27-Jan-09,10
26-Jan-09,10
23-Jan-09,10
22-Jan-09,40
21-Jan-09,60
20-Jan-09,70
19-Jan-09,40
16-Jan-09,
15-Jan-09,-50
14-Jan-09,80
13-Jan-09,125
12-Jan-09,80
09-Jan-09,50
08-Jan-09,-20
07-Jan-09,-10
06-Jan-09,
05-Jan-09,-50
02-Jan-09,-100
01-Jan-09,-400
31-Dec-08,-400
30-Dec-08,-400
29-Dec-08,-400
26-Dec-08,-750
25-Dec-08,-950
24-Dec-08,-950
23-Dec-08,-850
22-Dec-08,-775
19-Dec-08,-850
18-Dec-08,-650
17-Dec-08,-450
16-Dec-08,-500
15-Dec-08,-600
12-Dec-08,-900
11-Dec-08,-1200
10-Dec-08,-1300
09-Dec-08,-1650
08-Dec-08,-1850
05-Dec-08,-2050
04-Dec-08,-1300
03-Dec-08,-1300
02-Dec-08,-1300
01-Dec-08,-1300
28-Nov-08,-1300
27-Nov-08,-1300
26-Nov-08,-1200
25-Nov-08,-1200
24-Nov-08,-1000
21-Nov-08,-900
20-Nov-08,-800
19-Nov-08,-700
18-Nov-08,-750
17-Nov-08,-850
14-Nov-08,-850
13-Nov-08,-900
12-Nov-08,-800
11-Nov-08,-800
10-Nov-08,-800
07-Nov-08,-750
06-Nov-08,-750
05-Nov-08,-700
04-Nov-08,-800
03-Nov-08,-650
31-Oct-08,-700
30-Oct-08,-350
29-Oct-08,-700
28-Oct-08,-750
27-Oct-08,-800
24-Oct-08,-700
23-Oct-08,-600
22-Oct-08,-600
21-Oct-08,-400
20-Oct-08,-450
17-Oct-08,-650
16-Oct-08,-800
15-Oct-08,-550
14-Oct-08,-500
13-Oct-08,-650
10-Oct-08,-850
09-Oct-08,-850
08-Oct-08,-700
07-Oct-08,-600
06-Oct-08,-700
03-Oct-08,-700
02-Oct-08,-700
01-Oct-08,-550
30-Sep-08,-550
29-Sep-08,-375
26-Sep-08,-150
25-Sep-08,-550
24-Sep-08,-800
23-Sep-08,-1000
22-Sep-08,-700
19-Sep-08,-500
18-Sep-08,-750
17-Sep-08,-300
16-Sep-08,-200
15-Sep-08,5
12-Sep-08,5
11-Sep-08,30
10-Sep-08,35
09-Sep-08,35
08-Sep-08,30
05-Sep-08,20
04-Sep-08,30
03-Sep-08,20
02-Sep-08,5
01-Sep-08,20
29-Aug-08,30
28-Aug-08,60
27-Aug-08,80
26-Aug-08,55
25-Aug-08,60
22-Aug-08,110
21-Aug-08,125
20-Aug-08,140
19-Aug-08,150
18-Aug-08,145
15-Aug-08,145
14-Aug-08,145
13-Aug-08,150
12-Aug-08,160
11-Aug-08,160
08-Aug-08,165
07-Aug-08,180
06-Aug-08,170
05-Aug-08,160
04-Aug-08,155
01-Aug-08,135
31-Jul-08,125
30-Jul-08,135
29-Jul-08,130
28-Jul-08,125
25-Jul-08,145
24-Jul-08,140
23-Jul-08,155
22-Jul-08,160
21-Jul-08,180
18-Jul-08,185
17-Jul-08,190
16-Jul-08,200
15-Jul-08,205
14-Jul-08,220
11-Jul-08,215
10-Jul-08,200
09-Jul-08,170
08-Jul-08,165
07-Jul-08,160
04-Jul-08,155
03-Jul-08,150
02-Jul-08,150
01-Jul-08,155
30-Jun-08,140
27-Jun-08,160
26-Jun-08,170
25-Jun-08,175
24-Jun-08,185
23-Jun-08,175
20-Jun-08,175
19-Jun-08,175
18-Jun-08,185
17-Jun-08,175
16-Jun-08,165
13-Jun-08,170
12-Jun-08,165
11-Jun-08,155
10-Jun-08,140
09-Jun-08,155
06-Jun-08,170
05-Jun-08,170
04-Jun-08,165
03-Jun-08,180
02-Jun-08,195
30-May-08,180
29-May-08,180
28-May-08,190
27-May-08,180
26-May-08,180
23-May-08,180
22-May-08,160
21-May-08,150
20-May-08,155
19-May-08,90
16-May-08,160
15-May-08,160
14-May-08,165
13-May-08,185
12-May-08,175
09-May-08,175
08-May-08,145
07-May-08,130
06-May-08,130
05-May-08,110
02-May-08,110
01-May-08,80
30-Apr-08,80
29-Apr-08,55
28-Apr-08,35
25-Apr-08,
24-Apr-08,-15
23-Apr-08,-20
22-Apr-08,-10
21-Apr-08,-5
18-Apr-08,
17-Apr-08,15
16-Apr-08,-10
15-Apr-08,-20
14-Apr-08,-20
11-Apr-08,-20
10-Apr-08,-30
09-Apr-08,
08-Apr-08,
07-Apr-08,
04-Apr-08,
03-Apr-08,-25
02-Apr-08,-15
01-Apr-08,-60
31-Mar-08,-70
28-Mar-08,-50
27-Mar-08,-125
26-Mar-08,-70
25-Mar-08,-40
24-Mar-08,-30
21-Mar-08,-100
20-Mar-08,-130
19-Mar-08,-100
18-Mar-08,10
17-Mar-08,-75
14-Mar-08,-20
13-Mar-08,30
12-Mar-08,55
11-Mar-08,15
10-Mar-08,
07-Mar-08,-10
06-Mar-08,-10
05-Mar-08,5
04-Mar-08,15
03-Mar-08,30
29-Feb-08,30
28-Feb-08,50
27-Feb-08,60
26-Feb-08,55
25-Feb-08,30
22-Feb-08,15
21-Feb-08,15
20-Feb-08,60
19-Feb-08,85
18-Feb-08,85
15-Feb-08,90
14-Feb-08,70
13-Feb-08,70
12-Feb-08,70
11-Feb-08,80
08-Feb-08,90
07-Feb-08,90
06-Feb-08,90
05-Feb-08,90
04-Feb-08,95
01-Feb-08,100
31-Jan-08,100
30-Jan-08,110
29-Jan-08,110
28-Jan-08,80
25-Jan-08,75
24-Jan-08,85
23-Jan-08,100
22-Jan-08,65
21-Jan-08,50
18-Jan-08,50
17-Jan-08,30
16-Jan-08,20
15-Jan-08,20
14-Jan-08,
11-Jan-08,10
10-Jan-08,-5
09-Jan-08,-15
08-Jan-08,-30
07-Jan-08,-60
04-Jan-08,-70
03-Jan-08,-80
02-Jan-08,-130
01-Jan-08,-230
31-Dec-07,-230
28-Dec-07,-230
27-Dec-07,-220
26-Dec-07,-220
25-Dec-07,-260
24-Dec-07,-260
21-Dec-07,-290
20-Dec-07,-280
19-Dec-07,-230
18-Dec-07,-230
17-Dec-07,-180
14-Dec-07,-130
13-Dec-07,-110
12-Dec-07,-170
11-Dec-07,-200
10-Dec-07,-220
07-Dec-07,-250
06-Dec-07,-200
05-Dec-07,-150
04-Dec-07,-160
03-Dec-07,-180
30-Nov-07,-230
29-Nov-07,-270
28-Nov-07,-300
27-Nov-07,-350
26-Nov-07,-340
23-Nov-07,-350
22-Nov-07,-500
21-Nov-07,-410
20-Nov-07,-300
19-Nov-07,-250
16-Nov-07,-210
15-Nov-07,-180
14-Nov-07,-165
13-Nov-07,-155
12-Nov-07,-150
09-Nov-07,-140
08-Nov-07,-130
07-Nov-07,-120
06-Nov-07,-115
05-Nov-07,-110
02-Nov-07,-100
01-Nov-07,-95
31-Oct-07,-125
30-Oct-07,-105
29-Oct-07,-80
26-Oct-07,-95
25-Oct-07,-80
24-Oct-07,-105
23-Oct-07,-110
22-Oct-07,-120
19-Oct-07,-105
18-Oct-07,-95
17-Oct-07,-98
16-Oct-07,-98
15-Oct-07,-95
12-Oct-07,-95
11-Oct-07,-105
10-Oct-07,-105
09-Oct-07,-110
08-Oct-07,-140
05-Oct-07,-120
04-Oct-07,-125
03-Oct-07,-115
02-Oct-07,-115
01-Oct-07,-120
28-Sep-07,-105
27-Sep-07,-95
26-Sep-07,-85
25-Sep-07,-85
24-Sep-07,-85
21-Sep-07,-85
20-Sep-07,-65
19-Sep-07,-55
18-Sep-07,-85
17-Sep-07,-80
14-Sep-07,-90
13-Sep-07,-90
12-Sep-07,-110
11-Sep-07,-160
10-Sep-07,-170
07-Sep-07,-190
06-Sep-07,-210
05-Sep-07,-215
04-Sep-07,-190
03-Sep-07,-200
31-Aug-07,-190
30-Aug-07,-215
29-Aug-07,-200
28-Aug-07,-220
27-Aug-07,-240
24-Aug-07,-265
23-Aug-07,-220
22-Aug-07,-200
21-Aug-07,-180
20-Aug-07,-170
17-Aug-07,-200
16-Aug-07,-240
15-Aug-07,-200
14-Aug-07,-200
13-Aug-07,-115
10-Aug-07,-115
09-Aug-07,-115
08-Aug-07,-130
07-Aug-07,-115
06-Aug-07,-100
03-Aug-07,-100
02-Aug-07,-100
01-Aug-07,-98
31-Jul-07,-100
30-Jul-07,-95
27-Jul-07,-80
26-Jul-07,-78
25-Jul-07,-70
24-Jul-07,-73
23-Jul-07,-63
20-Jul-07,-63
19-Jul-07,-60
18-Jul-07,-75
17-Jul-07,-80
16-Jul-07,-80
13-Jul-07,-85
12-Jul-07,-75
11-Jul-07,-98
10-Jul-07,-95
09-Jul-07,-145
06-Jul-07,-150
05-Jul-07,-165
04-Jul-07,-125
03-Jul-07,-120
02-Jul-07,-125
29-Jun-07,-115
28-Jun-07,-110
27-Jun-07,-110
26-Jun-07,-100
25-Jun-07,-110
22-Jun-07,-120
21-Jun-07,-105
20-Jun-07,-90
19-Jun-07,-85
18-Jun-07,-83
15-Jun-07,-75
14-Jun-07,-73
13-Jun-07,-70
12-Jun-07,-70
11-Jun-07,-70
08-Jun-07,-73
07-Jun-07,-75
06-Jun-07,-78
05-Jun-07,-78
04-Jun-07,-75
01-Jun-07,-68
31-May-07,-68
30-May-07,-68
29-May-07,-63
28-May-07,-65
25-May-07,-68
24-May-07,-70
23-May-07,-70
22-May-07,-70
21-May-07,-70
18-May-07,-63
17-May-07,-60
16-May-07,-60
15-May-07,-63
14-May-07,-65
11-May-07,-63
10-May-07,-63
09-May-07,-60
08-May-07,-63
07-May-07,-65
04-May-07,-60
03-May-07,-58
02-May-07,-58
01-May-07,-50
30-Apr-07,-50
27-Apr-07,-50
26-Apr-07,-53
25-Apr-07,-68
24-Apr-07,-75
23-Apr-07,-73
20-Apr-07,-73
19-Apr-07,-70
18-Apr-07,-70
17-Apr-07,-73
16-Apr-07,-70
13-Apr-07,-70
12-Apr-07,-70
11-Apr-07,-70
10-Apr-07,-73
09-Apr-07,-68
06-Apr-07,-65
05-Apr-07,-65
04-Apr-07,-65
03-Apr-07,-65
02-Apr-07,-63
30-Mar-07,-63
29-Mar-07,-63
28-Mar-07,-60
27-Mar-07,-63
26-Mar-07,-65
23-Mar-07,-60
22-Mar-07,-60
21-Mar-07,-60
20-Mar-07,-60
19-Mar-07,-63
16-Mar-07,-58
15-Mar-07,-55
14-Mar-07,-58
13-Mar-07,-60
12-Mar-07,-63
09-Mar-07,-58
08-Mar-07,-60
07-Mar-07,-58
06-Mar-07,-60
05-Mar-07,-63
02-Mar-07,-60
01-Mar-07,-63
28-Feb-07,-63
27-Feb-07,-60
26-Feb-07,-53
23-Feb-07,-48
22-Feb-07,-48
21-Feb-07,-48
20-Feb-07,-48
19-Feb-07,-45
16-Feb-07,-45
15-Feb-07,-48
14-Feb-07,-48
13-Feb-07,-50
12-Feb-07,-50
09-Feb-07,-50
08-Feb-07,-53
07-Feb-07,-53
06-Feb-07,-53
05-Feb-07,-50
02-Feb-07,-48
01-Feb-07,-48
31-Jan-07,-48
30-Jan-07,-48
29-Jan-07,-43
26-Jan-07,-43
25-Jan-07,-45
24-Jan-07,-48
23-Jan-07,-50
22-Jan-07,-55
19-Jan-07,-53
18-Jan-07,-50
17-Jan-07,-53
16-Jan-07,-55
15-Jan-07,-55
12-Jan-07,-53
11-Jan-07,-55
10-Jan-07,-58
09-Jan-07,-63
08-Jan-07,-63
05-Jan-07,-63
04-Jan-07,-63
03-Jan-07,-63
02-Jan-07,-68
01-Jan-07,-60
29-Dec-06,-60
28-Dec-06,-60
27-Dec-06,-65
26-Dec-06,-68
25-Dec-06,-70
22-Dec-06,-70
21-Dec-06,-65
20-Dec-06,-70
19-Dec-06,-75
18-Dec-06,-78
15-Dec-06,-75
14-Dec-06,-75
13-Dec-06,-78
12-Dec-06,-78
11-Dec-06,-80
08-Dec-06,-70
07-Dec-06,-70
06-Dec-06,-68
05-Dec-06,-70
04-Dec-06,-73
01-Dec-06,-68
30-Nov-06,-68
29-Nov-06,-68
28-Nov-06,-60
27-Nov-06,-63
24-Nov-06,-63
23-Nov-06,-60
22-Nov-06,-68
21-Nov-06,-70
20-Nov-06,-68
17-Nov-06,-68
16-Nov-06,-68
15-Nov-06,-70
14-Nov-06,-70
13-Nov-06,-65
10-Nov-06,-68
09-Nov-06,-68
08-Nov-06,-63
07-Nov-06,-70
06-Nov-06,-68
03-Nov-06,-68
02-Nov-06,-68
01-Nov-06,-70
31-Oct-06,-73
30-Oct-06,-68
27-Oct-06,-65
26-Oct-06,-65
25-Oct-06,-68
24-Oct-06,-70
23-Oct-06,-75
20-Oct-06,-70
19-Oct-06,-75
18-Oct-06,-70
17-Oct-06,-75
16-Oct-06,-80
13-Oct-06,-78
12-Oct-06,-80
11-Oct-06,-80
10-Oct-06,-80
09-Oct-06,-85
06-Oct-06,-70
05-Oct-06,-70
04-Oct-06,-70
03-Oct-06,-70
02-Oct-06,-70
29-Sep-06,-78
28-Sep-06,-70
27-Sep-06,-70
26-Sep-06,-73
25-Sep-06,-68
22-Sep-06,-70
21-Sep-06,-70
20-Sep-06,-73
19-Sep-06,-75
18-Sep-06,-70
15-Sep-06,-70
14-Sep-06,-70
13-Sep-06,-75
12-Sep-06,-75
11-Sep-06,-70
08-Sep-06,-70
07-Sep-06,-70
06-Sep-06,-75
05-Sep-06,-75
04-Sep-06,-78
01-Sep-06,-80
31-Aug-06,-83
30-Aug-06,-73
29-Aug-06,-68
28-Aug-06,-68
25-Aug-06,-70
24-Aug-06,-70
23-Aug-06,-70
22-Aug-06,-70
21-Aug-06,-73
18-Aug-06,-70
17-Aug-06,-70
16-Aug-06,-70
15-Aug-06,-70
14-Aug-06,-70
11-Aug-06,-75
10-Aug-06,-70
09-Aug-06,-85
08-Aug-06,-90
07-Aug-06,-93
04-Aug-06,-90
03-Aug-06,-85
02-Aug-06,-90
01-Aug-06,-90
31-Jul-06,-90
28-Jul-06,-85
27-Jul-06,-85
26-Jul-06,-88
25-Jul-06,-90
24-Jul-06,-95
21-Jul-06,-90
20-Jul-06,-90
19-Jul-06,-93
18-Jul-06,-93
17-Jul-06,-95
14-Jul-06,-95
13-Jul-06,-85
12-Jul-06,-88
11-Jul-06,-93
10-Jul-06,-98
07-Jul-06,-90
06-Jul-06,-90
05-Jul-06,-93
04-Jul-06,-95
03-Jul-06,-95
30-Jun-06,-98
29-Jun-06,-93
28-Jun-06,-93
27-Jun-06,-93
26-Jun-06,-90
23-Jun-06,-88
22-Jun-06,-90
21-Jun-06,-93
20-Jun-06,-95
19-Jun-06,-85
16-Jun-06,-85
15-Jun-06,-83
14-Jun-06,-85
13-Jun-06,-85
12-Jun-06,-78
09-Jun-06,-78
08-Jun-06,-78
07-Jun-06,-93
06-Jun-06,-98
05-Jun-06,-98
02-Jun-06,-100
01-Jun-06,-100
31-May-06,-105
30-May-06,-105
29-May-06,-105
26-May-06,-98
25-May-06,-95
24-May-06,-105
23-May-06,-108
22-May-06,-115
19-May-06,-110
18-May-06,-100
17-May-06,-95
16-May-06,-100
15-May-06,-100
12-May-06,-95
11-May-06,-98
10-May-06,-95
09-May-06,-95
08-May-06,-95
05-May-06,-85
04-May-06,-85
03-May-06,-88
02-May-06,-90
01-May-06,-90
28-Apr-06,-90
27-Apr-06,-85
26-Apr-06,-80
25-Apr-06,-78
24-Apr-06,-70
21-Apr-06,-70
20-Apr-06,-68
19-Apr-06,-68
18-Apr-06,-70
17-Apr-06,-65
14-Apr-06,-65
13-Apr-06,-65
12-Apr-06,-70
11-Apr-06,-70
10-Apr-06,-65
07-Apr-06,-65
06-Apr-06,-65
05-Apr-06,-65
04-Apr-06,-65
03-Apr-06,-65
31-Mar-06,-68
30-Mar-06,-65
29-Mar-06,-70
28-Mar-06,-70
27-Mar-06,-75
24-Mar-06,-75
23-Mar-06,-70
22-Mar-06,-68
21-Mar-06,-65
20-Mar-06,-65
17-Mar-06,-60
16-Mar-06,-60
15-Mar-06,-60
14-Mar-06,-60
13-Mar-06,-60
10-Mar-06,-60
09-Mar-06,-55
08-Mar-06,-55
07-Mar-06,-55
06-Mar-06,-55
03-Mar-06,-50
02-Mar-06,-50
01-Mar-06,-50
28-Feb-06,-50
27-Feb-06,-50
24-Feb-06,-45
23-Feb-06,-43
07-Feb-06,-40
06-Feb-06,-45
03-Feb-06,-50
02-Feb-06,-50
01-Feb-06,-55
31-Jan-06,-55
30-Jan-06,-55
27-Jan-06,-55
26-Jan-06,-60
25-Jan-06,-55
24-Jan-06,-55
23-Jan-06,-50
20-Jan-06,-50
19-Jan-06,-45
18-Jan-06,-45
09-Jan-06,-30
06-Jan-06,-30
05-Jan-06,-30
04-Jan-06,-30
03-Jan-06,-30
02-Jan-06,-30
30-Dec-05,-30
29-Dec-05,-30
28-Dec-05,-30
27-Dec-05,-30
26-Dec-05,-30
23-Dec-05,-30
22-Dec-05,-30
21-Dec-05,-30
20-Dec-05,-30
19-Dec-05,-30
16-Dec-05,-30
15-Dec-05,-30
14-Dec-05,-35
13-Dec-05,-30
12-Dec-05,-30
09-Dec-05,-30
08-Dec-05,-30
07-Dec-05,-30
06-Dec-05,-30
05-Dec-05,-30
02-Dec-05,-30
01-Dec-05,-30
30-Nov-05,-30
29-Nov-05,-30
28-Nov-05,-30
25-Nov-05,-30
24-Nov-05,-30
23-Nov-05,-30
22-Nov-05,-30
21-Nov-05,-30
18-Nov-05,-30
17-Nov-05,-30
16-Nov-05,-30
15-Nov-05,-30
14-Nov-05,-30
11-Nov-05,-30
10-Nov-05,-30
09-Nov-05,-30
08-Nov-05,-30
07-Nov-05,-30
04-Nov-05,-33
03-Nov-05,-35
02-Nov-05,-35
01-Nov-05,-35
31-Oct-05,-35
28-Oct-05,-35
26-Oct-05,-35
24-Oct-05,-30
21-Oct-05,-30
20-Oct-05,-30
19-Oct-05,-25
18-Oct-05,-25
17-Oct-05,-25
14-Oct-05,-25
13-Oct-05,-20
12-Oct-05,-20
11-Oct-05,-20
10-Oct-05,-25
07-Oct-05,-25
06-Oct-05,-20
05-Oct-05,-20
04-Oct-05,-20
03-Oct-05,-25
30-Sep-05,-25
29-Sep-05,-25
28-Sep-05,-20
27-Sep-05,-20
26-Sep-05,-20
23-Sep-05,-20
22-Sep-05,-25
21-Sep-05,-25
20-Sep-05,-25
19-Sep-05,-25
16-Sep-05,-25
15-Sep-05,-25
14-Sep-05,-25
13-Sep-05,-25
12-Sep-05,-25
09-Sep-05,-20
08-Sep-05,-20
07-Sep-05,-20
06-Sep-05,-20
05-Sep-05,-20
02-Sep-05,-20
01-Sep-05,-20
31-Aug-05,-20
30-Aug-05,-20
29-Aug-05,-20
26-Aug-05,-15
25-Aug-05,-15
24-Aug-05,-13
23-Aug-05,-13
22-Aug-05,-13
19-Aug-05,-10
18-Aug-05,-10
17-Aug-05,-10
16-Aug-05,-10
15-Aug-05,-10
12-Aug-05,-10
11-Aug-05,-10
10-Aug-05,-8
09-Aug-05,-5
08-Aug-05,-8
05-Aug-05,-5
04-Aug-05,-5
03-Aug-05,-5
02-Aug-05,-5
01-Aug-05,-5
29-Jul-05,-5
28-Jul-05,
27-Jul-05,
26-Jul-05,
25-Jul-05,
22-Jul-05,
21-Jul-05,
20-Jul-05,
19-Jul-05,
18-Jul-05,
15-Jul-05,3
14-Jul-05,5
13-Jul-05,5
12-Jul-05,5
11-Jul-05,8
08-Jul-05,8
07-Jul-05,10
06-Jul-05,5
05-Jul-05,10
04-Jul-05,5
01-Jul-05,5
30-Jun-05,5
29-Jun-05,5
28-Jun-05,5
27-Jun-05,10
24-Jun-05,15
23-Jun-05,15
22-Jun-05,15
21-Jun-05,15
20-Jun-05,15
17-Jun-05,15
16-Jun-05,15
15-Jun-05,15
14-Jun-05,15
13-Jun-05,10
10-Jun-05,15
09-Jun-05,15
08-Jun-05,20
07-Jun-05,20
06-Jun-05,20
03-Jun-05,20
02-Jun-05,20
01-Jun-05,20
31-May-05,20
30-May-05,25
27-May-05,25
26-May-05,25
25-May-05,25
24-May-05,28
23-May-05,30
20-May-05,25
19-May-05,25
18-May-05,25
17-May-05,30
16-May-05,30
13-May-05,25
12-May-05,25
11-May-05,25
10-May-05,25
09-May-05,30
06-May-05,28
05-May-05,30
04-May-05,30
03-May-05,30
02-May-05,30
29-Apr-05,25
28-Apr-05,30
27-Apr-05,30
26-Apr-05,35
25-Apr-05,1
22-Apr-05,35
21-Apr-05,35
20-Apr-05,40
19-Apr-05,40
18-Apr-05,40
15-Apr-05,40
14-Apr-05,40
13-Apr-05,45
12-Apr-05,45
11-Apr-05,45
08-Apr-05,45
07-Apr-05,45
06-Apr-05,48
05-Apr-05,50
04-Apr-05,50
01-Apr-05,45
31-Mar-05,45
30-Mar-05,50
29-Mar-05,45
28-Mar-05,50
25-Mar-05,50
24-Mar-05,50
23-Mar-05,50
22-Mar-05,50
21-Mar-05,55
18-Mar-05,55
17-Mar-05,1
16-Mar-05,55
15-Mar-05,55
14-Mar-05,60
11-Mar-05,55
10-Mar-05,60
09-Mar-05,65
08-Mar-05,65
07-Mar-05,70
04-Mar-05,70
03-Mar-05,70
02-Mar-05,70
01-Mar-05,75
28-Feb-05,75
25-Feb-05,85
24-Feb-05,1
23-Feb-05,80
22-Feb-05,1
21-Feb-05,75
18-Feb-05,70
17-Feb-05,70
16-Feb-05,75
15-Feb-05,75
14-Feb-05,80
11-Feb-05,80
10-Feb-05,80
09-Feb-05,80
08-Feb-05,80
07-Feb-05,80
04-Feb-05,75
03-Feb-05,70
02-Feb-05,1
01-Feb-05,70
31-Jan-05,70
28-Jan-05,70
27-Jan-05,70
26-Jan-05,80
25-Jan-05,85
24-Jan-05,90
21-Jan-05,90
20-Jan-05,85
19-Jan-05,85
18-Jan-05,90
17-Jan-05,95
14-Jan-05,90
13-Jan-05,85
12-Jan-05,85
11-Jan-05,85
10-Jan-05,85
07-Jan-05,80
06-Jan-05,90
05-Jan-05,90
04-Jan-05,95
03-Jan-05,100
31-Dec-04,105
30-Dec-04,105
29-Dec-04,105
28-Dec-04,110
27-Dec-04,115
24-Dec-04,110
23-Dec-04,115
22-Dec-04,110
21-Dec-04,115
20-Dec-04,115
17-Dec-04,110
16-Dec-04,105
15-Dec-04,105
14-Dec-04,100
13-Dec-04,105
10-Dec-04,100
09-Dec-04,100
08-Dec-04,90
07-Dec-04,85
06-Dec-04,110
03-Dec-04,95
02-Dec-04,95
01-Dec-04,100
30-Nov-04,105
29-Nov-04,115
26-Nov-04,110
25-Nov-04,115
24-Nov-04,120
23-Nov-04,120
22-Nov-04,115
19-Nov-04,125
18-Nov-04,125
17-Nov-04,125
16-Nov-04,125
15-Nov-04,125
12-Nov-04,125
11-Nov-04,130
10-Nov-04,160
09-Nov-04,150
08-Nov-04,150
05-Nov-04,170
04-Nov-04,165
03-Nov-04,170
02-Nov-04,175
01-Nov-04,160
29-Oct-04,160
28-Oct-04,170
27-Oct-04,185
26-Oct-04,183
25-Oct-04,190
22-Oct-04,185
21-Oct-04,200
20-Oct-04,195
19-Oct-04,205
18-Oct-04,215
15-Oct-04,200
14-Oct-04,200
13-Oct-04,200
12-Oct-04,210
11-Oct-04,225
08-Oct-04,205
07-Oct-04,200
06-Oct-04,185
05-Oct-04,195
04-Oct-04,200
01-Oct-04,195
30-Sep-04,200
29-Sep-04,195
28-Sep-04,195
27-Sep-04,195
24-Sep-04,195
23-Sep-04,195
22-Sep-04,200
21-Sep-04,210
20-Sep-04,200
17-Sep-04,200
16-Sep-04,200
15-Sep-04,205
14-Sep-04,210
13-Sep-04,200
10-Sep-04,200
09-Sep-04,200
08-Sep-04,200
07-Sep-04,215
06-Sep-04,195
03-Sep-04,195
02-Sep-04,195
01-Sep-04,200
31-Aug-04,205
30-Aug-04,200
27-Aug-04,200
26-Aug-04,205
25-Aug-04,230
24-Aug-04,240
23-Aug-04,245
20-Aug-04,215
19-Aug-04,220
18-Aug-04,215
17-Aug-04,215
16-Aug-04,245
13-Aug-04,245
12-Aug-04,245
11-Aug-04,245
10-Aug-04,255
09-Aug-04,275
06-Aug-04,255
05-Aug-04,255
04-Aug-04,265
03-Aug-04,275
02-Aug-04,285
30-Jul-04,265
29-Jul-04,270
28-Jul-04,275
27-Jul-04,280
26-Jul-04,290
23-Jul-04,270
22-Jul-04,270
21-Jul-04,270
20-Jul-04,285
19-Jul-04,290
16-Jul-04,275
15-Jul-04,270
14-Jul-04,270
13-Jul-04,280
12-Jul-04,290
09-Jul-04,270
08-Jul-04,270
07-Jul-04,270
06-Jul-04,280
05-Jul-04,295
02-Jul-04,275
01-Jul-04,275
30-Jun-04,275
29-Jun-04,295
28-Jun-04,295
25-Jun-04,290
24-Jun-04,290
23-Jun-04,290
22-Jun-04,300
21-Jun-04,280
18-Jun-04,275
17-Jun-04,275
16-Jun-04,285
15-Jun-04,290
14-Jun-04,275
11-Jun-04,275
10-Jun-04,275
09-Jun-04,295
08-Jun-04,310
07-Jun-04,300
04-Jun-04,300
03-Jun-04,305
02-Jun-04,320
01-Jun-04,330
31-May-04,305
28-May-04,305
27-May-04,305
26-May-04,335
25-May-04,335
24-May-04,320
21-May-04,310
20-May-04,315
19-May-04,310
18-May-04,320
17-May-04,330
14-May-04,310
13-May-04,305
12-May-04,305
11-May-04,320
10-May-04,330
07-May-04,320
06-May-04,320
05-May-04,320
04-May-04,320
03-May-04,330
30-Apr-04,320
29-Apr-04,320
28-Apr-04,290
27-Apr-04,295
26-Apr-04,300
23-Apr-04,300
22-Apr-04,310
21-Apr-04,310
20-Apr-04,325
19-Apr-04,310
16-Apr-04,310
15-Apr-04,310
14-Apr-04,310
13-Apr-04,320
12-Apr-04,310
09-Apr-04,310
08-Apr-04,310
07-Apr-04,325
06-Apr-04,330
05-Apr-04,310
02-Apr-04,310
01-Apr-04,310
31-Mar-04,325
30-Mar-04,335
29-Mar-04,325
26-Mar-04,330
25-Mar-04,325
24-Mar-04,320
23-Mar-04,330
22-Mar-04,340
19-Mar-04,325
18-Mar-04,330
17-Mar-04,340
16-Mar-04,350
15-Mar-04,365
12-Mar-04,340
11-Mar-04,350
10-Mar-04,340
09-Mar-04,360
08-Mar-04,365
05-Mar-04,340
04-Mar-04,330
03-Mar-04,360
02-Mar-04,360
01-Mar-04,360
27-Feb-04,360
26-Feb-04,330
25-Feb-04,340
24-Feb-04,295
23-Feb-04,290
20-Feb-04,295
19-Feb-04,300
18-Feb-04,320
17-Feb-04,300
16-Feb-04,305
13-Feb-04,315
12-Feb-04,320
11-Feb-04,345
10-Feb-04,325
09-Feb-04,325
06-Feb-04,325
05-Feb-04,340
04-Feb-04,370
03-Feb-04,350
02-Feb-04,355
30-Jan-04,360
29-Jan-04,360
28-Jan-04,345
27-Jan-04,350
26-Jan-04,360
23-Jan-04,370
20-Jan-04,370
19-Jan-04,365
16-Jan-04,365
15-Jan-04,365
14-Jan-04,390
13-Jan-04,395
12-Jan-04,395
09-Jan-04,355
08-Jan-04,345
07-Jan-04,345
06-Jan-04,350
05-Jan-04,360
02-Jan-04,350
31-Dec-03,375
30-Dec-03,405
23-Dec-03,430
19-Dec-03,405
18-Dec-03,410
17-Dec-03,370
16-Dec-03,370
15-Dec-03,380
12-Dec-03,385
03-Dec-03,395
02-Dec-03,400
01-Dec-03,400
28-Nov-03,370
27-Nov-03,370
26-Nov-03,365
25-Nov-03,355
24-Nov-03,330
21-Nov-03,340
20-Nov-03,328
19-Nov-03,330
18-Nov-03,340
17-Nov-03,325
14-Nov-03,325
13-Nov-03,330
12-Nov-03,330
11-Nov-03,340
10-Nov-03,340
07-Nov-03,315
06-Nov-03,315
05-Nov-03,320
04-Nov-03,330
03-Nov-03,310
31-Oct-03,310
30-Oct-03,310
29-Oct-03,290
28-Oct-03,300
27-Oct-03,310
24-Oct-03,320
23-Oct-03,328
22-Oct-03,310
21-Oct-03,320
20-Oct-03,330
17-Oct-03,305
16-Oct-03,305
15-Oct-03,298
14-Oct-03,300
10-Oct-03,300
08-Oct-03,280
07-Oct-03,285
06-Oct-03,300
02-Oct-03,280
01-Oct-03,283
30-Sep-03,293
29-Sep-03,305
26-Sep-03,290
25-Sep-03,280
24-Sep-03,290
23-Sep-03,305
22-Sep-03,290
19-Sep-03,298
18-Sep-03,300
17-Sep-03,295
16-Sep-03,305
15-Sep-03,285
09-Sep-03,280
08-Sep-03,275
05-Sep-03,270
04-Sep-03,270
03-Sep-03,283
02-Sep-03,300
01-Sep-03,310
29-Aug-03,315
28-Aug-03,288
26-Aug-03,300
25-Aug-03,310
20-Aug-03,290
19-Aug-03,300
18-Aug-03,310
14-Aug-03,288
13-Aug-03,290
12-Aug-03,300
11-Aug-03,308
08-Aug-03,315
07-Aug-03,325
06-Aug-03,295
05-Aug-03,305
04-Aug-03,310
01-Aug-03,295
29-Jul-03,285
28-Jul-03,295
25-Jul-03,310
24-Jul-03,305
23-Jul-03,310
22-Jul-03,320
21-Jul-03,330
18-Jul-03,315
16-Jul-03,315
15-Jul-03,310
14-Jul-03,325
11-Jul-03,330
10-Jul-03,300
09-Jul-03,320
08-Jul-03,333
07-Jul-03,340
04-Jul-03,320
03-Jul-03,318
02-Jul-03,320
01-Jul-03,333
30-Jun-03,368
27-Jun-03,340
19-Jun-03,318
18-Jun-03,320
17-Jun-03,330
13-Jun-03,320
12-Jun-03,310
11-Jun-03,313
10-Jun-03,313
09-Jun-03,290
05-Jun-03,290
04-Jun-03,293
03-Jun-03,310
02-Jun-03,320
30-May-03,293
29-May-03,295
28-May-03,300
27-May-03,308
26-May-03,315
23-May-03,320
22-May-03,295
21-May-03,295
20-May-03,305
19-May-03,313
15-May-03,290
14-May-03,293
13-May-03,303
12-May-03,315
09-May-03,300
07-May-03,300
06-May-03,303
02-May-03,305
30-Apr-03,320
29-Apr-03,315
28-Apr-03,315
25-Apr-03,315
21-Apr-03,305
17-Apr-03,308
16-Apr-03,318
15-Apr-03,328
14-Apr-03,308
10-Apr-03,310
09-Apr-03,330
08-Apr-03,340
07-Apr-03,305
04-Apr-03,320
03-Apr-03,315
02-Apr-03,330
01-Apr-03,315
28-Mar-03,295
27-Mar-03,300
24-Mar-03,305
20-Mar-03,300
19-Mar-03,305
18-Mar-03,315
17-Mar-03,300
14-Mar-03,285
12-Mar-03,270
10-Mar-03,255
07-Mar-03,270
06-Mar-03,295
05-Mar-03,305
04-Mar-03,315
03-Mar-03,325
28-Feb-03,313
27-Feb-03,305
26-Feb-03,305
25-Feb-03,285
24-Feb-03,285
21-Feb-03,290
20-Feb-03,290
19-Feb-03,290
18-Feb-03,295
17-Feb-03,300
14-Feb-03,290
13-Feb-03,290
12-Feb-03,298
11-Feb-03,298
10-Feb-03,290
07-Feb-03,290
06-Feb-03,290
05-Feb-03,286
04-Feb-03,290
03-Feb-03,285
30-Jan-03,287
29-Jan-03,283
28-Jan-03,300
27-Jan-03,305
24-Jan-03,320
23-Jan-03,315
22-Jan-03,320
21-Jan-03,330
20-Jan-03,338
17-Jan-03,340
16-Jan-03,315
15-Jan-03,330
14-Jan-03,345
13-Jan-03,365
10-Jan-03,325
09-Jan-03,325
08-Jan-03,327
07-Jan-03,335
06-Jan-03,345
03-Jan-03,322
02-Jan-03,330
31-Dec-02,340
30-Dec-02,340
27-Dec-02,340
26-Dec-02,350
24-Dec-02,350
23-Dec-02,353
20-Dec-02,343
18-Dec-02,348
17-Dec-02,350
16-Dec-02,373
13-Dec-02,349
12-Dec-02,350
11-Dec-02,345
10-Dec-02,355
09-Dec-02,368
06-Dec-02,358
05-Dec-02,350
04-Dec-02,345
03-Dec-02,350
02-Dec-02,363
29-Nov-02,343
28-Nov-02,350
27-Nov-02,350
26-Nov-02,350
25-Nov-02,323
22-Nov-02,324
21-Nov-02,328
20-Nov-02,335
19-Nov-02,335
18-Nov-02,318
15-Nov-02,323
14-Nov-02,320
13-Nov-02,330
12-Nov-02,335
11-Nov-02,315
08-Nov-02,320
07-Nov-02,315
06-Nov-02,303
05-Nov-02,310
04-Nov-02,290
01-Nov-02,298
31-Oct-02,283
30-Oct-02,290
29-Oct-02,270
28-Oct-02,275
25-Oct-02,278
24-Oct-02,285
23-Oct-02,280
22-Oct-02,285
21-Oct-02,300
18-Oct-02,285
17-Oct-02,285
16-Oct-02,278
15-Oct-02,300
14-Oct-02,310
11-Oct-02,310
10-Oct-02,293
09-Oct-02,303
08-Oct-02,310
07-Oct-02,320
04-Oct-02,293
02-Oct-02,295
01-Oct-02,295
30-Sep-02,315
27-Sep-02,290
26-Sep-02,295
25-Sep-02,300
24-Sep-02,300
23-Sep-02,280
19-Sep-02,270
17-Sep-02,303
16-Sep-02,265
30-Aug-02,265
29-Aug-02,275
28-Aug-02,263
27-Aug-02,270
26-Aug-02,270
23-Aug-02,265
21-Aug-02,260
20-Aug-02,255
19-Aug-02,260
16-Aug-02,269
14-Aug-02,253
13-Aug-02,270
12-Aug-02,275
09-Aug-02,275
08-Aug-02,270
07-Aug-02,275
06-Aug-02,280
05-Aug-02,278
02-Aug-02,257
01-Aug-02,255
31-Jul-02,265
30-Jul-02,280
26-Jul-02,260
25-Jul-02,260
24-Jul-02,263
23-Jul-02,270
22-Jul-02,268
19-Jul-02,260
16-Jul-02,270
15-Jul-02,285
12-Jul-02,280
11-Jul-02,290
10-Jul-02,280
09-Jul-02,290
08-Jul-02,303
05-Jul-02,290
04-Jul-02,293
03-Jul-02,298
02-Jul-02,300
28-Jun-02,315
27-Jun-02,300
26-Jun-02,315
25-Jun-02,315
21-Jun-02,305
20-Jun-02,305
19-Jun-02,320
18-Jun-02,330
17-Jun-02,315
14-Jun-02,305
12-Jun-02,305
11-Jun-02,310
10-Jun-02,310
07-Jun-02,300
05-Jun-02,310
04-Jun-02,298
03-Jun-02,303
31-May-02,308
30-May-02,290
29-May-02,280
28-May-02,285
27-May-02,305
24-May-02,298
23-May-02,305
22-May-02,300
21-May-02,310
20-May-02,315
17-May-02,295
16-May-02,300
15-May-02,298
14-May-02,313
13-May-02,320
10-May-02,310
09-May-02,320
08-May-02,310
07-May-02,320
06-May-02,295
03-May-02,283
02-May-02,290
30-Apr-02,285
29-Apr-02,295
26-Apr-02,280
25-Apr-02,270
24-Apr-02,283
23-Apr-02,295
22-Apr-02,270
19-Apr-02,270
18-Apr-02,270
17-Apr-02,278
16-Apr-02,290
12-Apr-02,278
11-Apr-02,270
10-Apr-02,280
09-Apr-02,290
08-Apr-02,260
04-Apr-02,270
03-Apr-02,275
02-Apr-02,290
01-Apr-02,270
29-Mar-02,268
28-Mar-02,280
27-Mar-02,290
26-Mar-02,288
25-Mar-02,315
22-Mar-02,310
21-Mar-02,305
20-Mar-02,305
19-Mar-02,310
18-Mar-02,310
15-Mar-02,290
14-Mar-02,285
13-Mar-02,283
12-Mar-02,283
11-Mar-02,293
08-Mar-02,283
07-Mar-02,313
06-Mar-02,283
05-Mar-02,290
28-Feb-02,305
27-Feb-02,285
26-Feb-02,260
25-Feb-02,248
22-Feb-02,250
21-Feb-02,248
20-Feb-02,255
19-Feb-02,258
18-Feb-02,265
15-Feb-02,260
14-Feb-02,265
08-Feb-02,265
07-Feb-02,265
06-Feb-02,265
05-Feb-02,260
04-Feb-02,260
01-Feb-02,260
31-Jan-02,285
30-Jan-02,285
29-Jan-02,260
28-Jan-02,270
25-Jan-02,275
23-Jan-02,285
22-Jan-02,290
21-Jan-02,310
18-Jan-02,315
17-Jan-02,300
16-Jan-02,300
15-Jan-02,310
14-Jan-02,320
11-Jan-02,295
10-Jan-02,300
09-Jan-02,330
08-Jan-02,325
07-Jan-02,335
04-Jan-02,330
03-Jan-02,325
02-Jan-02,400
31-Dec-01,475
28-Dec-01,470
27-Dec-01,460
26-Dec-01,450
24-Dec-01,510
21-Dec-01,510
20-Dec-01,470
19-Dec-01,450
18-Dec-01,460
17-Dec-01,450
14-Dec-01,430
13-Dec-01,425
12-Dec-01,410
11-Dec-01,375
10-Dec-01,375
07-Dec-01,368
06-Dec-01,350
05-Dec-01,355
04-Dec-01,360
03-Dec-01,345
30-Nov-01,330
29-Nov-01,320
28-Nov-01,285
27-Nov-01,278
26-Nov-01,278
23-Nov-01,285
22-Nov-01,285
21-Nov-01,283
20-Nov-01,285
19-Nov-01,275
16-Nov-01,275
15-Nov-01,285
14-Nov-01,290
13-Nov-01,290
09-Nov-01,270
08-Nov-01,255
07-Nov-01,265
06-Nov-01,265
05-Nov-01,245
02-Nov-01,240
01-Nov-01,235
31-Oct-01,225
30-Oct-01,225
29-Oct-01,210
26-Oct-01,213
25-Oct-01,205
24-Oct-01,205
23-Oct-01,208
22-Oct-01,215
19-Oct-01,205
18-Oct-01,205
17-Oct-01,205
16-Oct-01,205
15-Oct-01,210
12-Oct-01,200
11-Oct-01,188
10-Oct-01,195
09-Oct-01,185
08-Oct-01,198
05-Oct-01,205
04-Oct-01,193
28-Sep-01,200
27-Sep-01,195
26-Sep-01,200
25-Sep-01,200
24-Sep-01,203
21-Sep-01,188
20-Sep-01,188
19-Sep-01,153
18-Sep-01,175
17-Sep-01,180
14-Sep-01,185
13-Sep-01,190
12-Sep-01,180
11-Sep-01,180
10-Sep-01,165
07-Sep-01,165
06-Sep-01,170
05-Sep-01,155
04-Sep-01,163
03-Sep-01,155
31-Aug-01,155
30-Aug-01,165
29-Aug-01,125
28-Aug-01,130
27-Aug-01,140
24-Aug-01,145
23-Aug-01,145
22-Aug-01,148
21-Aug-01,148
20-Aug-01,143
17-Aug-01,140
16-Aug-01,140
14-Aug-01,135
13-Aug-01,135
10-Aug-01,130
09-Aug-01,150
08-Aug-01,160
07-Aug-01,170
06-Aug-01,175
03-Aug-01,170
02-Aug-01,170
01-Aug-01,180
31-Jul-01,188
30-Jul-01,195
27-Jul-01,185
26-Jul-01,180
25-Jul-01,180
24-Jul-01,175
23-Jul-01,180
20-Jul-01,175
19-Jul-01,190
18-Jul-01,190
16-Jul-01,205
13-Jul-01,190
12-Jul-01,200
11-Jul-01,200
10-Jul-01,175
09-Jul-01,175
06-Jul-01,165
05-Jul-01,170
04-Jul-01,190
03-Jul-01,195
02-Jul-01,215
29-Jun-01,255
28-Jun-01,305
27-Jun-01,290
26-Jun-01,255
25-Jun-01,265
22-Jun-01,260
21-Jun-01,260
20-Jun-01,265
19-Jun-01,365
18-Jun-01,365
15-Jun-01,295
14-Jun-01,265
13-Jun-01,265
12-Jun-01,230
11-Jun-01,210
08-Jun-01,220
07-Jun-01,230
05-Jun-01,225
04-Jun-01,220
01-Jun-01,190
31-May-01,195
30-May-01,185
29-May-01,170
28-May-01,180
25-May-01,170
24-May-01,165
23-May-01,170
22-May-01,168
21-May-01,165
18-May-01,180
17-May-01,185
16-May-01,190
15-May-01,195
14-May-01,200
11-May-01,200
10-May-01,215
09-May-01,175
08-May-01,170
07-May-01,170
04-May-01,173
03-May-01,160
02-May-01,155
30-Apr-01,165
27-Apr-01,170
26-Apr-01,180
25-Apr-01,145
24-Apr-01,150
23-Apr-01,170
20-Apr-01,140
19-Apr-01,125
18-Apr-01,105
17-Apr-01,110
16-Apr-01,125
13-Apr-01,125
12-Apr-01,130
11-Apr-01,135
10-Apr-01,185
09-Apr-01,205
06-Apr-01,170
04-Apr-01,150
03-Apr-01,120
02-Apr-01,120
30-Mar-01,100
29-Mar-01,100
28-Mar-01,90
27-Mar-01,90
26-Mar-01,105
23-Mar-01,88
22-Mar-01,120
21-Mar-01,95
20-Mar-01,80
19-Mar-01,78
16-Mar-01,70
14-Mar-01,65
13-Mar-01,75
12-Mar-01,75
09-Mar-01,73
08-Mar-01,68
07-Mar-01,70
06-Mar-01,58
05-Mar-01,63
02-Mar-01,50
